brand,image_path,search_term,filtered_image_path
Audemars Piguet,data\images\Audemars Piguet\Image_10_08befbf4.jpg,Audemars Piguet watches,filtered\Audemars Piguet\Image_10_08befbf4.jpg
Audemars Piguet,data\images\Audemars Piguet\Image_11_4ba8e02c.jpg,Audemars Piguet watches,filtered\Audemars Piguet\Image_11_4ba8e02c.jpg
Audemars Piguet,data\images\Audemars Piguet\Image_12_d54d20b0.jpg,Audemars Piguet watches,filtered\Audemars Piguet\Image_12_d54d20b0.jpg
Audemars Piguet,data\images\Audemars Piguet\Image_13_07753210.jpg,Audemars Piguet watches,filtered\Audemars Piguet\Image_13_07753210.jpg
Audemars Piguet,data\images\Audemars Piguet\Image_14_cc9ddb9f.jpg,Audemars Piguet watches,filtered\Audemars Piguet\Image_14_cc9ddb9f.jpg
Audemars Piguet,data\images\Audemars Piguet\Image_15_25a9269f.jpg,Audemars Piguet watches,filtered\Audemars Piguet\Image_15_25a9269f.jpg
Audemars Piguet,data\images\Audemars Piguet\Image_16_8a308166.jpg,Audemars Piguet watches,filtered\Audemars Piguet\Image_16_8a308166.jpg
Audemars Piguet,data\images\Audemars Piguet\Image_17_17ae0901.jpg,Audemars Piguet watches,filtered\Audemars Piguet\Image_17_17ae0901.jpg
Audemars Piguet,data\images\Audemars Piguet\Image_18_d7390401.jpg,Audemars Piguet watches,filtered\Audemars Piguet\Image_18_d7390401.jpg
Audemars Piguet,data\images\Audemars Piguet\Image_19_33ca5c26.jpg,Audemars Piguet watches,filtered\Audemars Piguet\Image_19_33ca5c26.jpg
Audemars Piguet,data\images\Audemars Piguet\Image_1_4dbe0fd2.jpg,Audemars Piguet watches,filtered\Audemars Piguet\Image_1_4dbe0fd2.jpg
Audemars Piguet,data\images\Audemars Piguet\Image_20_500ce36b.jpg,Audemars Piguet watches,filtered\Audemars Piguet\Image_20_500ce36b.jpg
Audemars Piguet,data\images\Audemars Piguet\Image_21_46ca204c.jpg,Audemars Piguet watches,filtered\Audemars Piguet\Image_21_46ca204c.jpg
Audemars Piguet,data\images\Audemars Piguet\Image_22_da718d26.jpg,Audemars Piguet watches,filtered\Audemars Piguet\Image_22_da718d26.jpg
Audemars Piguet,data\images\Audemars Piguet\Image_24_ea74253a.jpg,Audemars Piguet watches,filtered\Audemars Piguet\Image_24_ea74253a.jpg
Audemars Piguet,data\images\Audemars Piguet\Image_25_21dbd619.jpg,Audemars Piguet watches,filtered\Audemars Piguet\Image_25_21dbd619.jpg
Audemars Piguet,data\images\Audemars Piguet\Image_26_1d4cc715.jpg,Audemars Piguet watches,filtered\Audemars Piguet\Image_26_1d4cc715.jpg
Audemars Piguet,data\images\Audemars Piguet\Image_27_bbb42787.jpg,Audemars Piguet watches,filtered\Audemars Piguet\Image_27_bbb42787.jpg
Audemars Piguet,data\images\Audemars Piguet\Image_29_2b3c5211.jpg,Audemars Piguet watches,filtered\Audemars Piguet\Image_29_2b3c5211.jpg
Audemars Piguet,data\images\Audemars Piguet\Image_30_d1d0cbde.jpg,Audemars Piguet watches,filtered\Audemars Piguet\Image_30_d1d0cbde.jpg
Audemars Piguet,data\images\Audemars Piguet\Image_33_c0eae2c1.jpg,Audemars Piguet watches,filtered\Audemars Piguet\Image_33_c0eae2c1.jpg
Audemars Piguet,data\images\Audemars Piguet\Image_34_8f2c590f.jpg,Audemars Piguet watches,filtered\Audemars Piguet\Image_34_8f2c590f.jpg
Audemars Piguet,data\images\Audemars Piguet\Image_35_b5d820c4.jpg,Audemars Piguet watches,filtered\Audemars Piguet\Image_35_b5d820c4.jpg
Audemars Piguet,data\images\Audemars Piguet\Image_38_f40f1641.jpg,Audemars Piguet watches,filtered\Audemars Piguet\Image_38_f40f1641.jpg
Audemars Piguet,data\images\Audemars Piguet\Image_3_c4305a10.jpg,Audemars Piguet watches,filtered\Audemars Piguet\Image_3_c4305a10.jpg
Audemars Piguet,data\images\Audemars Piguet\Image_40_668d6784.jpg,Audemars Piguet watches,filtered\Audemars Piguet\Image_40_668d6784.jpg
Audemars Piguet,data\images\Audemars Piguet\Image_41_fb428370.jpg,Audemars Piguet watches,filtered\Audemars Piguet\Image_41_fb428370.jpg
Audemars Piguet,data\images\Audemars Piguet\Image_42_8fd114a5.jpg,Audemars Piguet watches,filtered\Audemars Piguet\Image_42_8fd114a5.jpg
Audemars Piguet,data\images\Audemars Piguet\Image_43_6705fd8b.jpg,Audemars Piguet watches,filtered\Audemars Piguet\Image_43_6705fd8b.jpg
Audemars Piguet,data\images\Audemars Piguet\Image_44_d15cda00.jpg,Audemars Piguet watches,filtered\Audemars Piguet\Image_44_d15cda00.jpg
Audemars Piguet,data\images\Audemars Piguet\Image_45_6ad4f79c.jpg,Audemars Piguet watches,filtered\Audemars Piguet\Image_45_6ad4f79c.jpg
Audemars Piguet,data\images\Audemars Piguet\Image_46_525985bb.jpg,Audemars Piguet watches,filtered\Audemars Piguet\Image_46_525985bb.jpg
Audemars Piguet,data\images\Audemars Piguet\Image_47_1f3446f6.jpg,Audemars Piguet watches,filtered\Audemars Piguet\Image_47_1f3446f6.jpg
Audemars Piguet,data\images\Audemars Piguet\Image_49_60931b41.jpg,Audemars Piguet watches,filtered\Audemars Piguet\Image_49_60931b41.jpg
Audemars Piguet,data\images\Audemars Piguet\Image_4_8f2d875e.jpg,Audemars Piguet watches,filtered\Audemars Piguet\Image_4_8f2d875e.jpg
Audemars Piguet,data\images\Audemars Piguet\Image_50_103808b9.jpg,Audemars Piguet watches,filtered\Audemars Piguet\Image_50_103808b9.jpg
Audemars Piguet,data\images\Audemars Piguet\Image_51_0d93cc64.jpg,Audemars Piguet watches,filtered\Audemars Piguet\Image_51_0d93cc64.jpg
Audemars Piguet,data\images\Audemars Piguet\Image_52_54c87432.jpg,Audemars Piguet watches,filtered\Audemars Piguet\Image_52_54c87432.jpg
Audemars Piguet,data\images\Audemars Piguet\Image_53_e11db69c.jpg,Audemars Piguet watches,filtered\Audemars Piguet\Image_53_e11db69c.jpg
Audemars Piguet,data\images\Audemars Piguet\Image_55_ec914486.jpg,Audemars Piguet watches,filtered\Audemars Piguet\Image_55_ec914486.jpg
Audemars Piguet,data\images\Audemars Piguet\Image_57_39adecc8.jpg,Audemars Piguet watches,filtered\Audemars Piguet\Image_57_39adecc8.jpg
Audemars Piguet,data\images\Audemars Piguet\Image_58_a8ba1b7f.jpg,Audemars Piguet watches,filtered\Audemars Piguet\Image_58_a8ba1b7f.jpg
Audemars Piguet,data\images\Audemars Piguet\Image_59_4690c462.jpg,Audemars Piguet watches,filtered\Audemars Piguet\Image_59_4690c462.jpg
Audemars Piguet,data\images\Audemars Piguet\Image_5_d436e5e4.jpg,Audemars Piguet watches,filtered\Audemars Piguet\Image_5_d436e5e4.jpg
Audemars Piguet,data\images\Audemars Piguet\Image_60_f85c4c01.jpg,Audemars Piguet watches,filtered\Audemars Piguet\Image_60_f85c4c01.jpg
Audemars Piguet,data\images\Audemars Piguet\Image_63_71013a95.jpg,Audemars Piguet watches,filtered\Audemars Piguet\Image_63_71013a95.jpg
Audemars Piguet,data\images\Audemars Piguet\Image_65_02b728a5.jpg,Audemars Piguet watches,filtered\Audemars Piguet\Image_65_02b728a5.jpg
Audemars Piguet,data\images\Audemars Piguet\Image_66_e6e5f596.jpg,Audemars Piguet watches,filtered\Audemars Piguet\Image_66_e6e5f596.jpg
Audemars Piguet,data\images\Audemars Piguet\Image_67_9d0f65e9.jpg,Audemars Piguet watches,filtered\Audemars Piguet\Image_67_9d0f65e9.jpg
Audemars Piguet,data\images\Audemars Piguet\Image_68_f3c6c37a.jpg,Audemars Piguet watches,filtered\Audemars Piguet\Image_68_f3c6c37a.jpg
Audemars Piguet,data\images\Audemars Piguet\Image_69_04b20210.jpg,Audemars Piguet watches,filtered\Audemars Piguet\Image_69_04b20210.jpg
Audemars Piguet,data\images\Audemars Piguet\Image_6_3b4e6fa8.jpg,Audemars Piguet watches,filtered\Audemars Piguet\Image_6_3b4e6fa8.jpg
Audemars Piguet,data\images\Audemars Piguet\Image_70_80a25227.jpg,Audemars Piguet watches,filtered\Audemars Piguet\Image_70_80a25227.jpg
Audemars Piguet,data\images\Audemars Piguet\Image_71_4619376e.jpg,Audemars Piguet watches,filtered\Audemars Piguet\Image_71_4619376e.jpg
Audemars Piguet,data\images\Audemars Piguet\Image_72_db473465.jpg,Audemars Piguet watches,filtered\Audemars Piguet\Image_72_db473465.jpg
Audemars Piguet,data\images\Audemars Piguet\Image_73_5452af35.jpg,Audemars Piguet watches,filtered\Audemars Piguet\Image_73_5452af35.jpg
Audemars Piguet,data\images\Audemars Piguet\Image_74_6d3d97f6.jpg,Audemars Piguet watches,filtered\Audemars Piguet\Image_74_6d3d97f6.jpg
Audemars Piguet,data\images\Audemars Piguet\Image_75_06ceb548.jpg,Audemars Piguet watches,filtered\Audemars Piguet\Image_75_06ceb548.jpg
Audemars Piguet,data\images\Audemars Piguet\Image_76_91f54594.jpg,Audemars Piguet watches,filtered\Audemars Piguet\Image_76_91f54594.jpg
Audemars Piguet,data\images\Audemars Piguet\Image_78_dc385245.jpg,Audemars Piguet watches,filtered\Audemars Piguet\Image_78_dc385245.jpg
Audemars Piguet,data\images\Audemars Piguet\Image_79_bb71ce13.jpg,Audemars Piguet watches,filtered\Audemars Piguet\Image_79_bb71ce13.jpg
Audemars Piguet,data\images\Audemars Piguet\Image_7_eb9d1f5b.jpg,Audemars Piguet watches,filtered\Audemars Piguet\Image_7_eb9d1f5b.jpg
Audemars Piguet,data\images\Audemars Piguet\Image_82_229778ba.jpg,Audemars Piguet watches,filtered\Audemars Piguet\Image_82_229778ba.jpg
Audemars Piguet,data\images\Audemars Piguet\Image_83_ee4e1b30.jpg,Audemars Piguet watches,filtered\Audemars Piguet\Image_83_ee4e1b30.jpg
Audemars Piguet,data\images\Audemars Piguet\Image_84_4c26c40e.jpg,Audemars Piguet watches,filtered\Audemars Piguet\Image_84_4c26c40e.jpg
Audemars Piguet,data\images\Audemars Piguet\Image_85_0235616c.jpg,Audemars Piguet watches,filtered\Audemars Piguet\Image_85_0235616c.jpg
Audemars Piguet,data\images\Audemars Piguet\Image_86_521ce795.jpg,Audemars Piguet watches,filtered\Audemars Piguet\Image_86_521ce795.jpg
Audemars Piguet,data\images\Audemars Piguet\Image_8_2da132d9.jpg,Audemars Piguet watches,filtered\Audemars Piguet\Image_8_2da132d9.jpg
Audemars Piguet,data\images\Audemars Piguet\Image_9_6f58596b.jpg,Audemars Piguet watches,filtered\Audemars Piguet\Image_9_6f58596b.jpg
Breitling,data\images\Breitling\Image_10_d496f346.jpg,Breitling watches,filtered\Breitling\Image_10_d496f346.jpg
Breitling,data\images\Breitling\Image_11_b302b8fb.jpg,Breitling watches,filtered\Breitling\Image_11_b302b8fb.jpg
Breitling,data\images\Breitling\Image_12_91206fc6.jpg,Breitling watches,filtered\Breitling\Image_12_91206fc6.jpg
Breitling,data\images\Breitling\Image_13_fe80cc31.jpg,Breitling watches,filtered\Breitling\Image_13_fe80cc31.jpg
Breitling,data\images\Breitling\Image_14_ee7f4e6b.jpg,Breitling watches,filtered\Breitling\Image_14_ee7f4e6b.jpg
Breitling,data\images\Breitling\Image_15_7b150782.jpg,Breitling watches,filtered\Breitling\Image_15_7b150782.jpg
Breitling,data\images\Breitling\Image_16_da54400e.jpg,Breitling watches,filtered\Breitling\Image_16_da54400e.jpg
Breitling,data\images\Breitling\Image_17_5646e89c.jpg,Breitling watches,filtered\Breitling\Image_17_5646e89c.jpg
Breitling,data\images\Breitling\Image_18_c2d1addd.jpg,Breitling watches,filtered\Breitling\Image_18_c2d1addd.jpg
Breitling,data\images\Breitling\Image_19_296e837a.jpg,Breitling watches,filtered\Breitling\Image_19_296e837a.jpg
Breitling,data\images\Breitling\Image_20_10cbea02.jpg,Breitling watches,filtered\Breitling\Image_20_10cbea02.jpg
Breitling,data\images\Breitling\Image_21_174f68be.jpg,Breitling watches,filtered\Breitling\Image_21_174f68be.jpg
Breitling,data\images\Breitling\Image_22_b7cd6e65.jpg,Breitling watches,filtered\Breitling\Image_22_b7cd6e65.jpg
Breitling,data\images\Breitling\Image_23_62dd215b.jpg,Breitling watches,filtered\Breitling\Image_23_62dd215b.jpg
Breitling,data\images\Breitling\Image_24_a041d41b.jpg,Breitling watches,filtered\Breitling\Image_24_a041d41b.jpg
Breitling,data\images\Breitling\Image_25_e22e19b5.jpg,Breitling watches,filtered\Breitling\Image_25_e22e19b5.jpg
Breitling,data\images\Breitling\Image_26_f226394c.jpg,Breitling watches,filtered\Breitling\Image_26_f226394c.jpg
Breitling,data\images\Breitling\Image_27_941b46b8.jpg,Breitling watches,filtered\Breitling\Image_27_941b46b8.jpg
Breitling,data\images\Breitling\Image_28_a4ec923b.jpg,Breitling watches,filtered\Breitling\Image_28_a4ec923b.jpg
Breitling,data\images\Breitling\Image_29_79a83bbc.jpg,Breitling watches,filtered\Breitling\Image_29_79a83bbc.jpg
Breitling,data\images\Breitling\Image_2_a40083cf.jpg,Breitling watches,filtered\Breitling\Image_2_a40083cf.jpg
Breitling,data\images\Breitling\Image_31_c307710c.jpg,Breitling watches,filtered\Breitling\Image_31_c307710c.jpg
Breitling,data\images\Breitling\Image_32_7100c44d.jpg,Breitling watches,filtered\Breitling\Image_32_7100c44d.jpg
Breitling,data\images\Breitling\Image_33_ba277569.jpg,Breitling watches,filtered\Breitling\Image_33_ba277569.jpg
Breitling,data\images\Breitling\Image_34_a02df8b7.jpg,Breitling watches,filtered\Breitling\Image_34_a02df8b7.jpg
Breitling,data\images\Breitling\Image_35_12fe5841.jpg,Breitling watches,filtered\Breitling\Image_35_12fe5841.jpg
Breitling,data\images\Breitling\Image_36_41ac6996.jpg,Breitling watches,filtered\Breitling\Image_36_41ac6996.jpg
Breitling,data\images\Breitling\Image_37_647d5530.jpg,Breitling watches,filtered\Breitling\Image_37_647d5530.jpg
Breitling,data\images\Breitling\Image_38_781b2c10.jpg,Breitling watches,filtered\Breitling\Image_38_781b2c10.jpg
Breitling,data\images\Breitling\Image_39_b08a1676.jpg,Breitling watches,filtered\Breitling\Image_39_b08a1676.jpg
Breitling,data\images\Breitling\Image_40_1c6096a0.jpg,Breitling watches,filtered\Breitling\Image_40_1c6096a0.jpg
Breitling,data\images\Breitling\Image_41_c6cbcf7d.jpg,Breitling watches,filtered\Breitling\Image_41_c6cbcf7d.jpg
Breitling,data\images\Breitling\Image_43_c350600e.jpg,Breitling watches,filtered\Breitling\Image_43_c350600e.jpg
Breitling,data\images\Breitling\Image_44_60aecb13.jpg,Breitling watches,filtered\Breitling\Image_44_60aecb13.jpg
Breitling,data\images\Breitling\Image_45_0a1f0532.jpg,Breitling watches,filtered\Breitling\Image_45_0a1f0532.jpg
Breitling,data\images\Breitling\Image_46_894b30c5.jpg,Breitling watches,filtered\Breitling\Image_46_894b30c5.jpg
Breitling,data\images\Breitling\Image_47_87f8447e.jpg,Breitling watches,filtered\Breitling\Image_47_87f8447e.jpg
Breitling,data\images\Breitling\Image_48_282c64f1.jpg,Breitling watches,filtered\Breitling\Image_48_282c64f1.jpg
Breitling,data\images\Breitling\Image_49_17a69deb.jpg,Breitling watches,filtered\Breitling\Image_49_17a69deb.jpg
Breitling,data\images\Breitling\Image_4_830ed755.jpg,Breitling watches,filtered\Breitling\Image_4_830ed755.jpg
Breitling,data\images\Breitling\Image_50_9339dc7e.jpg,Breitling watches,filtered\Breitling\Image_50_9339dc7e.jpg
Breitling,data\images\Breitling\Image_51_902021b0.jpg,Breitling watches,filtered\Breitling\Image_51_902021b0.jpg
Breitling,data\images\Breitling\Image_52_5cefce71.jpg,Breitling watches,filtered\Breitling\Image_52_5cefce71.jpg
Breitling,data\images\Breitling\Image_53_58cbc5e9.jpg,Breitling watches,filtered\Breitling\Image_53_58cbc5e9.jpg
Breitling,data\images\Breitling\Image_54_520418ec.jpg,Breitling watches,filtered\Breitling\Image_54_520418ec.jpg
Breitling,data\images\Breitling\Image_55_931552b4.jpg,Breitling watches,filtered\Breitling\Image_55_931552b4.jpg
Breitling,data\images\Breitling\Image_56_fa64812c.jpg,Breitling watches,filtered\Breitling\Image_56_fa64812c.jpg
Breitling,data\images\Breitling\Image_57_fd64fbdb.jpg,Breitling watches,filtered\Breitling\Image_57_fd64fbdb.jpg
Breitling,data\images\Breitling\Image_58_60f3716f.jpg,Breitling watches,filtered\Breitling\Image_58_60f3716f.jpg
Breitling,data\images\Breitling\Image_5_57bfd945.jpg,Breitling watches,filtered\Breitling\Image_5_57bfd945.jpg
Breitling,data\images\Breitling\Image_60_f8c25a82.jpg,Breitling watches,filtered\Breitling\Image_60_f8c25a82.jpg
Breitling,data\images\Breitling\Image_61_3f76b486.jpg,Breitling watches,filtered\Breitling\Image_61_3f76b486.jpg
Breitling,data\images\Breitling\Image_63_f89f87e7.jpg,Breitling watches,filtered\Breitling\Image_63_f89f87e7.jpg
Breitling,data\images\Breitling\Image_64_f988544f.jpg,Breitling watches,filtered\Breitling\Image_64_f988544f.jpg
Breitling,data\images\Breitling\Image_65_06231b00.jpg,Breitling watches,filtered\Breitling\Image_65_06231b00.jpg
Breitling,data\images\Breitling\Image_67_362fa129.jpg,Breitling watches,filtered\Breitling\Image_67_362fa129.jpg
Breitling,data\images\Breitling\Image_68_2a2e7736.jpg,Breitling watches,filtered\Breitling\Image_68_2a2e7736.jpg
Breitling,data\images\Breitling\Image_69_443620e8.jpg,Breitling watches,filtered\Breitling\Image_69_443620e8.jpg
Breitling,data\images\Breitling\Image_6_7a4f40f4.jpg,Breitling watches,filtered\Breitling\Image_6_7a4f40f4.jpg
Breitling,data\images\Breitling\Image_70_e8472cc3.jpg,Breitling watches,filtered\Breitling\Image_70_e8472cc3.jpg
Breitling,data\images\Breitling\Image_71_f7b8dfaa.jpg,Breitling watches,filtered\Breitling\Image_71_f7b8dfaa.jpg
Breitling,data\images\Breitling\Image_72_8bd9614b.jpg,Breitling watches,filtered\Breitling\Image_72_8bd9614b.jpg
Breitling,data\images\Breitling\Image_73_0c649b3f.jpg,Breitling watches,filtered\Breitling\Image_73_0c649b3f.jpg
Breitling,data\images\Breitling\Image_74_d53777b4.jpg,Breitling watches,filtered\Breitling\Image_74_d53777b4.jpg
Breitling,data\images\Breitling\Image_75_a26df89c.jpg,Breitling watches,filtered\Breitling\Image_75_a26df89c.jpg
Breitling,data\images\Breitling\Image_76_82d521a2.jpg,Breitling watches,filtered\Breitling\Image_76_82d521a2.jpg
Breitling,data\images\Breitling\Image_77_970407f5.jpg,Breitling watches,filtered\Breitling\Image_77_970407f5.jpg
Breitling,data\images\Breitling\Image_79_005b60c2.jpg,Breitling watches,filtered\Breitling\Image_79_005b60c2.jpg
Breitling,data\images\Breitling\Image_7_6d4b01f1.jpg,Breitling watches,filtered\Breitling\Image_7_6d4b01f1.jpg
Breitling,data\images\Breitling\Image_80_b15381d5.jpg,Breitling watches,filtered\Breitling\Image_80_b15381d5.jpg
Breitling,data\images\Breitling\Image_81_f2bc9a3e.jpg,Breitling watches,filtered\Breitling\Image_81_f2bc9a3e.jpg
Breitling,data\images\Breitling\Image_82_84748ec9.jpg,Breitling watches,filtered\Breitling\Image_82_84748ec9.jpg
Breitling,data\images\Breitling\Image_83_6a05b13a.jpg,Breitling watches,filtered\Breitling\Image_83_6a05b13a.jpg
Breitling,data\images\Breitling\Image_85_3e3c6d17.jpg,Breitling watches,filtered\Breitling\Image_85_3e3c6d17.jpg
Breitling,data\images\Breitling\Image_86_41bb214f.jpg,Breitling watches,filtered\Breitling\Image_86_41bb214f.jpg
Breitling,data\images\Breitling\Image_87_9f414571.jpg,Breitling watches,filtered\Breitling\Image_87_9f414571.jpg
Breitling,data\images\Breitling\Image_8_6cb88fac.jpg,Breitling watches,filtered\Breitling\Image_8_6cb88fac.jpg
Breitling,data\images\Breitling\Image_9_5ba7292b.jpg,Breitling watches,filtered\Breitling\Image_9_5ba7292b.jpg
Cartier,data\images\Cartier\Image_11_d4498894.jpg,Cartier watches,filtered\Cartier\Image_11_d4498894.jpg
Cartier,data\images\Cartier\Image_12_b51738cf.jpg,Cartier watches,filtered\Cartier\Image_12_b51738cf.jpg
Cartier,data\images\Cartier\Image_13_4b2c227c.jpg,Cartier watches,filtered\Cartier\Image_13_4b2c227c.jpg
Cartier,data\images\Cartier\Image_14_fc2812f5.jpg,Cartier watches,filtered\Cartier\Image_14_fc2812f5.jpg
Cartier,data\images\Cartier\Image_15_d92b5c85.jpg,Cartier watches,filtered\Cartier\Image_15_d92b5c85.jpg
Cartier,data\images\Cartier\Image_16_f4ad780a.jpg,Cartier watches,filtered\Cartier\Image_16_f4ad780a.jpg
Cartier,data\images\Cartier\Image_17_bf9d1065.jpg,Cartier watches,filtered\Cartier\Image_17_bf9d1065.jpg
Cartier,data\images\Cartier\Image_18_d415c4c7.jpg,Cartier watches,filtered\Cartier\Image_18_d415c4c7.jpg
Cartier,data\images\Cartier\Image_19_f40e1e2b.jpg,Cartier watches,filtered\Cartier\Image_19_f40e1e2b.jpg
Cartier,data\images\Cartier\Image_1_b4287d83.jpg,Cartier watches,filtered\Cartier\Image_1_b4287d83.jpg
Cartier,data\images\Cartier\Image_20_74e96a6b.jpg,Cartier watches,filtered\Cartier\Image_20_74e96a6b.jpg
Cartier,data\images\Cartier\Image_21_a8098dcb.jpg,Cartier watches,filtered\Cartier\Image_21_a8098dcb.jpg
Cartier,data\images\Cartier\Image_22_5a366132.jpg,Cartier watches,filtered\Cartier\Image_22_5a366132.jpg
Cartier,data\images\Cartier\Image_23_3e6a1a19.jpg,Cartier watches,filtered\Cartier\Image_23_3e6a1a19.jpg
Cartier,data\images\Cartier\Image_25_9500d9c2.jpg,Cartier watches,filtered\Cartier\Image_25_9500d9c2.jpg
Cartier,data\images\Cartier\Image_26_a4e76a6a.jpg,Cartier watches,filtered\Cartier\Image_26_a4e76a6a.jpg
Cartier,data\images\Cartier\Image_27_80b847ba.jpg,Cartier watches,filtered\Cartier\Image_27_80b847ba.jpg
Cartier,data\images\Cartier\Image_28_ae6793d0.jpg,Cartier watches,filtered\Cartier\Image_28_ae6793d0.jpg
Cartier,data\images\Cartier\Image_29_5e4602ab.jpg,Cartier watches,filtered\Cartier\Image_29_5e4602ab.jpg
Cartier,data\images\Cartier\Image_30_44bec752.jpg,Cartier watches,filtered\Cartier\Image_30_44bec752.jpg
Cartier,data\images\Cartier\Image_31_710704de.jpg,Cartier watches,filtered\Cartier\Image_31_710704de.jpg
Cartier,data\images\Cartier\Image_32_b4347e70.jpg,Cartier watches,filtered\Cartier\Image_32_b4347e70.jpg
Cartier,data\images\Cartier\Image_33_a90b32da.jpg,Cartier watches,filtered\Cartier\Image_33_a90b32da.jpg
Cartier,data\images\Cartier\Image_34_ef1702c1.jpg,Cartier watches,filtered\Cartier\Image_34_ef1702c1.jpg
Cartier,data\images\Cartier\Image_35_73747284.jpg,Cartier watches,filtered\Cartier\Image_35_73747284.jpg
Cartier,data\images\Cartier\Image_36_3cb2f318.jpg,Cartier watches,filtered\Cartier\Image_36_3cb2f318.jpg
Cartier,data\images\Cartier\Image_38_1ec98206.jpg,Cartier watches,filtered\Cartier\Image_38_1ec98206.jpg
Cartier,data\images\Cartier\Image_39_632d94a7.jpg,Cartier watches,filtered\Cartier\Image_39_632d94a7.jpg
Cartier,data\images\Cartier\Image_40_12e5d92f.jpg,Cartier watches,filtered\Cartier\Image_40_12e5d92f.jpg
Cartier,data\images\Cartier\Image_42_a2c0cef9.jpg,Cartier watches,filtered\Cartier\Image_42_a2c0cef9.jpg
Cartier,data\images\Cartier\Image_43_d2ea8fe2.jpg,Cartier watches,filtered\Cartier\Image_43_d2ea8fe2.jpg
Cartier,data\images\Cartier\Image_44_40246d6b.jpg,Cartier watches,filtered\Cartier\Image_44_40246d6b.jpg
Cartier,data\images\Cartier\Image_45_b316bec1.jpg,Cartier watches,filtered\Cartier\Image_45_b316bec1.jpg
Cartier,data\images\Cartier\Image_46_a84eebd0.jpg,Cartier watches,filtered\Cartier\Image_46_a84eebd0.jpg
Cartier,data\images\Cartier\Image_47_00e9891e.jpg,Cartier watches,filtered\Cartier\Image_47_00e9891e.jpg
Cartier,data\images\Cartier\Image_48_356f1571.jpg,Cartier watches,filtered\Cartier\Image_48_356f1571.jpg
Cartier,data\images\Cartier\Image_49_8430fa73.jpg,Cartier watches,filtered\Cartier\Image_49_8430fa73.jpg
Cartier,data\images\Cartier\Image_4_86eaa242.jpg,Cartier watches,filtered\Cartier\Image_4_86eaa242.jpg
Cartier,data\images\Cartier\Image_50_d9d66913.jpg,Cartier watches,filtered\Cartier\Image_50_d9d66913.jpg
Cartier,data\images\Cartier\Image_52_e0b6e7bf.jpg,Cartier watches,filtered\Cartier\Image_52_e0b6e7bf.jpg
Cartier,data\images\Cartier\Image_55_ce5f98da.jpg,Cartier watches,filtered\Cartier\Image_55_ce5f98da.jpg
Cartier,data\images\Cartier\Image_56_ffec6a87.jpg,Cartier watches,filtered\Cartier\Image_56_ffec6a87.jpg
Cartier,data\images\Cartier\Image_57_e4d62cf2.jpg,Cartier watches,filtered\Cartier\Image_57_e4d62cf2.jpg
Cartier,data\images\Cartier\Image_58_6d535cce.jpg,Cartier watches,filtered\Cartier\Image_58_6d535cce.jpg
Cartier,data\images\Cartier\Image_60_1530ce09.jpg,Cartier watches,filtered\Cartier\Image_60_1530ce09.jpg
Cartier,data\images\Cartier\Image_61_c7d6abe2.jpg,Cartier watches,filtered\Cartier\Image_61_c7d6abe2.jpg
Cartier,data\images\Cartier\Image_62_dd74684f.jpg,Cartier watches,filtered\Cartier\Image_62_dd74684f.jpg
Cartier,data\images\Cartier\Image_63_5e32627c.jpg,Cartier watches,filtered\Cartier\Image_63_5e32627c.jpg
Cartier,data\images\Cartier\Image_64_6126d905.jpg,Cartier watches,filtered\Cartier\Image_64_6126d905.jpg
Cartier,data\images\Cartier\Image_65_a82bbc6a.jpg,Cartier watches,filtered\Cartier\Image_65_a82bbc6a.jpg
Cartier,data\images\Cartier\Image_66_b75316bc.jpg,Cartier watches,filtered\Cartier\Image_66_b75316bc.jpg
Cartier,data\images\Cartier\Image_67_899c76e2.jpg,Cartier watches,filtered\Cartier\Image_67_899c76e2.jpg
Cartier,data\images\Cartier\Image_68_d4b745ea.jpg,Cartier watches,filtered\Cartier\Image_68_d4b745ea.jpg
Cartier,data\images\Cartier\Image_6_07792e85.jpg,Cartier watches,filtered\Cartier\Image_6_07792e85.jpg
Cartier,data\images\Cartier\Image_70_8035a7fa.jpg,Cartier watches,filtered\Cartier\Image_70_8035a7fa.jpg
Cartier,data\images\Cartier\Image_7_7f9dbebc.jpg,Cartier watches,filtered\Cartier\Image_7_7f9dbebc.jpg
Cartier,data\images\Cartier\Image_8_72db6f49.jpg,Cartier watches,filtered\Cartier\Image_8_72db6f49.jpg
Cartier,data\images\Cartier\Image_9_41c9769e.jpg,Cartier watches,filtered\Cartier\Image_9_41c9769e.jpg
Hublot,data\images\Hublot\Image_10_8f247fc2.jpg,Hublot watches,filtered\Hublot\Image_10_8f247fc2.jpg
Hublot,data\images\Hublot\Image_11_116354d5.jpg,Hublot watches,filtered\Hublot\Image_11_116354d5.jpg
Hublot,data\images\Hublot\Image_12_9ad28dfb.jpg,Hublot watches,filtered\Hublot\Image_12_9ad28dfb.jpg
Hublot,data\images\Hublot\Image_13_4a5a032c.jpg,Hublot watches,filtered\Hublot\Image_13_4a5a032c.jpg
Hublot,data\images\Hublot\Image_15_f06b03e8.jpg,Hublot watches,filtered\Hublot\Image_15_f06b03e8.jpg
Hublot,data\images\Hublot\Image_16_0b7514ae.jpg,Hublot watches,filtered\Hublot\Image_16_0b7514ae.jpg
Hublot,data\images\Hublot\Image_17_dbe33b21.jpg,Hublot watches,filtered\Hublot\Image_17_dbe33b21.jpg
Hublot,data\images\Hublot\Image_18_a723b6c2.jpg,Hublot watches,filtered\Hublot\Image_18_a723b6c2.jpg
Hublot,data\images\Hublot\Image_19_0a1e727e.jpg,Hublot watches,filtered\Hublot\Image_19_0a1e727e.jpg
Hublot,data\images\Hublot\Image_20_14cdddcc.jpg,Hublot watches,filtered\Hublot\Image_20_14cdddcc.jpg
Hublot,data\images\Hublot\Image_21_268622d5.jpg,Hublot watches,filtered\Hublot\Image_21_268622d5.jpg
Hublot,data\images\Hublot\Image_22_3e6d5890.jpg,Hublot watches,filtered\Hublot\Image_22_3e6d5890.jpg
Hublot,data\images\Hublot\Image_23_daae5055.jpg,Hublot watches,filtered\Hublot\Image_23_daae5055.jpg
Hublot,data\images\Hublot\Image_24_600dc69d.jpg,Hublot watches,filtered\Hublot\Image_24_600dc69d.jpg
Hublot,data\images\Hublot\Image_25_079c2f7a.jpg,Hublot watches,filtered\Hublot\Image_25_079c2f7a.jpg
Hublot,data\images\Hublot\Image_26_04d465ba.jpg,Hublot watches,filtered\Hublot\Image_26_04d465ba.jpg
Hublot,data\images\Hublot\Image_27_5664a8ea.jpg,Hublot watches,filtered\Hublot\Image_27_5664a8ea.jpg
Hublot,data\images\Hublot\Image_28_eff21057.jpg,Hublot watches,filtered\Hublot\Image_28_eff21057.jpg
Hublot,data\images\Hublot\Image_29_201d3844.jpg,Hublot watches,filtered\Hublot\Image_29_201d3844.jpg
Hublot,data\images\Hublot\Image_30_c7d13b56.jpg,Hublot watches,filtered\Hublot\Image_30_c7d13b56.jpg
Hublot,data\images\Hublot\Image_32_9a457e53.jpg,Hublot watches,filtered\Hublot\Image_32_9a457e53.jpg
Hublot,data\images\Hublot\Image_33_9897c5ed.jpg,Hublot watches,filtered\Hublot\Image_33_9897c5ed.jpg
Hublot,data\images\Hublot\Image_34_9498d3e4.jpg,Hublot watches,filtered\Hublot\Image_34_9498d3e4.jpg
Hublot,data\images\Hublot\Image_35_93e97a91.jpg,Hublot watches,filtered\Hublot\Image_35_93e97a91.jpg
Hublot,data\images\Hublot\Image_37_6ae03cfd.jpg,Hublot watches,filtered\Hublot\Image_37_6ae03cfd.jpg
Hublot,data\images\Hublot\Image_38_fdbc9c3d.jpg,Hublot watches,filtered\Hublot\Image_38_fdbc9c3d.jpg
Hublot,data\images\Hublot\Image_39_aa6d1bd0.jpg,Hublot watches,filtered\Hublot\Image_39_aa6d1bd0.jpg
Hublot,data\images\Hublot\Image_40_8e2b3640.jpg,Hublot watches,filtered\Hublot\Image_40_8e2b3640.jpg
Hublot,data\images\Hublot\Image_41_63d690ba.jpg,Hublot watches,filtered\Hublot\Image_41_63d690ba.jpg
Hublot,data\images\Hublot\Image_42_c698fbaa.jpg,Hublot watches,filtered\Hublot\Image_42_c698fbaa.jpg
Hublot,data\images\Hublot\Image_44_05ec66d2.jpg,Hublot watches,filtered\Hublot\Image_44_05ec66d2.jpg
Hublot,data\images\Hublot\Image_45_1f5e12d9.jpg,Hublot watches,filtered\Hublot\Image_45_1f5e12d9.jpg
Hublot,data\images\Hublot\Image_46_4f9675f6.jpg,Hublot watches,filtered\Hublot\Image_46_4f9675f6.jpg
Hublot,data\images\Hublot\Image_47_b1c0d377.jpg,Hublot watches,filtered\Hublot\Image_47_b1c0d377.jpg
Hublot,data\images\Hublot\Image_48_aba3640f.jpg,Hublot watches,filtered\Hublot\Image_48_aba3640f.jpg
Hublot,data\images\Hublot\Image_49_ed4b1252.jpg,Hublot watches,filtered\Hublot\Image_49_ed4b1252.jpg
Hublot,data\images\Hublot\Image_50_57db0031.jpg,Hublot watches,filtered\Hublot\Image_50_57db0031.jpg
Hublot,data\images\Hublot\Image_51_c6eb7a3b.jpg,Hublot watches,filtered\Hublot\Image_51_c6eb7a3b.jpg
Hublot,data\images\Hublot\Image_52_a29bb6b6.jpg,Hublot watches,filtered\Hublot\Image_52_a29bb6b6.jpg
Hublot,data\images\Hublot\Image_53_2dccd73b.jpg,Hublot watches,filtered\Hublot\Image_53_2dccd73b.jpg
Hublot,data\images\Hublot\Image_54_c6ff5589.jpg,Hublot watches,filtered\Hublot\Image_54_c6ff5589.jpg
Hublot,data\images\Hublot\Image_55_83ff5953.jpg,Hublot watches,filtered\Hublot\Image_55_83ff5953.jpg
Hublot,data\images\Hublot\Image_56_0e21c13a.jpg,Hublot watches,filtered\Hublot\Image_56_0e21c13a.jpg
Hublot,data\images\Hublot\Image_58_e7bc93b4.jpg,Hublot watches,filtered\Hublot\Image_58_e7bc93b4.jpg
Hublot,data\images\Hublot\Image_59_aea7dd28.jpg,Hublot watches,filtered\Hublot\Image_59_aea7dd28.jpg
Hublot,data\images\Hublot\Image_60_43e08531.jpg,Hublot watches,filtered\Hublot\Image_60_43e08531.jpg
Hublot,data\images\Hublot\Image_61_50cd64e5.jpg,Hublot watches,filtered\Hublot\Image_61_50cd64e5.jpg
Hublot,data\images\Hublot\Image_62_6c64af16.jpg,Hublot watches,filtered\Hublot\Image_62_6c64af16.jpg
Hublot,data\images\Hublot\Image_63_f62bf912.jpg,Hublot watches,filtered\Hublot\Image_63_f62bf912.jpg
Hublot,data\images\Hublot\Image_64_a04c7f29.jpg,Hublot watches,filtered\Hublot\Image_64_a04c7f29.jpg
Hublot,data\images\Hublot\Image_65_fa20175d.jpg,Hublot watches,filtered\Hublot\Image_65_fa20175d.jpg
Hublot,data\images\Hublot\Image_68_ba5866ef.jpg,Hublot watches,filtered\Hublot\Image_68_ba5866ef.jpg
Hublot,data\images\Hublot\Image_69_7c8c099f.jpg,Hublot watches,filtered\Hublot\Image_69_7c8c099f.jpg
Hublot,data\images\Hublot\Image_70_10018f2e.jpg,Hublot watches,filtered\Hublot\Image_70_10018f2e.jpg
Hublot,data\images\Hublot\Image_71_a3472515.jpg,Hublot watches,filtered\Hublot\Image_71_a3472515.jpg
Hublot,data\images\Hublot\Image_72_f25a2968.jpg,Hublot watches,filtered\Hublot\Image_72_f25a2968.jpg
Hublot,data\images\Hublot\Image_75_881d2f40.jpg,Hublot watches,filtered\Hublot\Image_75_881d2f40.jpg
Longines,data\images\Longines\Image_10_950db32f.jpg,Longines watches,filtered\Longines\Image_10_950db32f.jpg
Longines,data\images\Longines\Image_11_0fc20381.jpg,Longines watches,filtered\Longines\Image_11_0fc20381.jpg
Longines,data\images\Longines\Image_12_cf47855c.jpg,Longines watches,filtered\Longines\Image_12_cf47855c.jpg
Longines,data\images\Longines\Image_13_5a1d6133.jpg,Longines watches,filtered\Longines\Image_13_5a1d6133.jpg
Longines,data\images\Longines\Image_14_4d006834.jpg,Longines watches,filtered\Longines\Image_14_4d006834.jpg
Longines,data\images\Longines\Image_15_b82d7cb8.jpg,Longines watches,filtered\Longines\Image_15_b82d7cb8.jpg
Longines,data\images\Longines\Image_16_76673c8e.jpg,Longines watches,filtered\Longines\Image_16_76673c8e.jpg
Longines,data\images\Longines\Image_17_d333eba0.jpg,Longines watches,filtered\Longines\Image_17_d333eba0.jpg
Longines,data\images\Longines\Image_18_88f89399.jpg,Longines watches,filtered\Longines\Image_18_88f89399.jpg
Longines,data\images\Longines\Image_20_cce2db0e.jpg,Longines watches,filtered\Longines\Image_20_cce2db0e.jpg
Longines,data\images\Longines\Image_21_99b2ec1b.jpg,Longines watches,filtered\Longines\Image_21_99b2ec1b.jpg
Longines,data\images\Longines\Image_24_651208f6.jpg,Longines watches,filtered\Longines\Image_24_651208f6.jpg
Longines,data\images\Longines\Image_26_7f6615b6.jpg,Longines watches,filtered\Longines\Image_26_7f6615b6.jpg
Longines,data\images\Longines\Image_27_8cb665d3.jpg,Longines watches,filtered\Longines\Image_27_8cb665d3.jpg
Longines,data\images\Longines\Image_28_c3dd643f.jpg,Longines watches,filtered\Longines\Image_28_c3dd643f.jpg
Longines,data\images\Longines\Image_29_d6170889.jpg,Longines watches,filtered\Longines\Image_29_d6170889.jpg
Longines,data\images\Longines\Image_2_c3aae7a4.jpg,Longines watches,filtered\Longines\Image_2_c3aae7a4.jpg
Longines,data\images\Longines\Image_30_a1fb5798.jpg,Longines watches,filtered\Longines\Image_30_a1fb5798.jpg
Longines,data\images\Longines\Image_31_c20f7fef.jpg,Longines watches,filtered\Longines\Image_31_c20f7fef.jpg
Longines,data\images\Longines\Image_32_42c04e5a.jpg,Longines watches,filtered\Longines\Image_32_42c04e5a.jpg
Longines,data\images\Longines\Image_34_35427b2d.jpg,Longines watches,filtered\Longines\Image_34_35427b2d.jpg
Longines,data\images\Longines\Image_35_f8972ce9.jpg,Longines watches,filtered\Longines\Image_35_f8972ce9.jpg
Longines,data\images\Longines\Image_36_3555b0c8.jpg,Longines watches,filtered\Longines\Image_36_3555b0c8.jpg
Longines,data\images\Longines\Image_37_b6401f09.jpg,Longines watches,filtered\Longines\Image_37_b6401f09.jpg
Longines,data\images\Longines\Image_38_b02c6680.jpg,Longines watches,filtered\Longines\Image_38_b02c6680.jpg
Longines,data\images\Longines\Image_39_ceb70bab.jpg,Longines watches,filtered\Longines\Image_39_ceb70bab.jpg
Longines,data\images\Longines\Image_3_741e5080.jpg,Longines watches,filtered\Longines\Image_3_741e5080.jpg
Longines,data\images\Longines\Image_41_881877c2.jpg,Longines watches,filtered\Longines\Image_41_881877c2.jpg
Longines,data\images\Longines\Image_45_4c4105ab.jpg,Longines watches,filtered\Longines\Image_45_4c4105ab.jpg
Longines,data\images\Longines\Image_46_8414fd69.jpg,Longines watches,filtered\Longines\Image_46_8414fd69.jpg
Longines,data\images\Longines\Image_47_794a52a5.jpg,Longines watches,filtered\Longines\Image_47_794a52a5.jpg
Longines,data\images\Longines\Image_48_c3ffe47a.jpg,Longines watches,filtered\Longines\Image_48_c3ffe47a.jpg
Longines,data\images\Longines\Image_49_8024e030.jpg,Longines watches,filtered\Longines\Image_49_8024e030.jpg
Longines,data\images\Longines\Image_50_13c0686a.jpg,Longines watches,filtered\Longines\Image_50_13c0686a.jpg
Longines,data\images\Longines\Image_51_5eac6f4f.jpg,Longines watches,filtered\Longines\Image_51_5eac6f4f.jpg
Longines,data\images\Longines\Image_52_04ded57e.jpg,Longines watches,filtered\Longines\Image_52_04ded57e.jpg
Longines,data\images\Longines\Image_53_fdd5e8d1.jpg,Longines watches,filtered\Longines\Image_53_fdd5e8d1.jpg
Longines,data\images\Longines\Image_54_a57b78b0.jpg,Longines watches,filtered\Longines\Image_54_a57b78b0.jpg
Longines,data\images\Longines\Image_55_03466c0f.jpg,Longines watches,filtered\Longines\Image_55_03466c0f.jpg
Longines,data\images\Longines\Image_56_3c64d9d1.jpg,Longines watches,filtered\Longines\Image_56_3c64d9d1.jpg
Longines,data\images\Longines\Image_58_9b5348c9.jpg,Longines watches,filtered\Longines\Image_58_9b5348c9.jpg
Longines,data\images\Longines\Image_59_bfa60107.jpg,Longines watches,filtered\Longines\Image_59_bfa60107.jpg
Longines,data\images\Longines\Image_5_b405fe6f.jpg,Longines watches,filtered\Longines\Image_5_b405fe6f.jpg
Longines,data\images\Longines\Image_60_3597e1cc.jpg,Longines watches,filtered\Longines\Image_60_3597e1cc.jpg
Longines,data\images\Longines\Image_61_6bd0f6a0.jpg,Longines watches,filtered\Longines\Image_61_6bd0f6a0.jpg
Longines,data\images\Longines\Image_62_d3c5b4a7.jpg,Longines watches,filtered\Longines\Image_62_d3c5b4a7.jpg
Longines,data\images\Longines\Image_64_4cc4b73f.jpg,Longines watches,filtered\Longines\Image_64_4cc4b73f.jpg
Longines,data\images\Longines\Image_66_d19d0994.jpg,Longines watches,filtered\Longines\Image_66_d19d0994.jpg
Longines,data\images\Longines\Image_67_e16a98e5.jpg,Longines watches,filtered\Longines\Image_67_e16a98e5.jpg
Longines,data\images\Longines\Image_68_428bed94.jpg,Longines watches,filtered\Longines\Image_68_428bed94.jpg
Longines,data\images\Longines\Image_69_c2170114.jpg,Longines watches,filtered\Longines\Image_69_c2170114.jpg
Longines,data\images\Longines\Image_6_f916cfdc.jpg,Longines watches,filtered\Longines\Image_6_f916cfdc.jpg
Longines,data\images\Longines\Image_70_d04ee649.jpg,Longines watches,filtered\Longines\Image_70_d04ee649.jpg
Longines,data\images\Longines\Image_71_b5519e85.jpg,Longines watches,filtered\Longines\Image_71_b5519e85.jpg
Longines,data\images\Longines\Image_73_1c47cc2b.jpg,Longines watches,filtered\Longines\Image_73_1c47cc2b.jpg
Longines,data\images\Longines\Image_74_11aaeee4.jpg,Longines watches,filtered\Longines\Image_74_11aaeee4.jpg
Longines,data\images\Longines\Image_76_1d1637ec.jpg,Longines watches,filtered\Longines\Image_76_1d1637ec.jpg
Longines,data\images\Longines\Image_77_361a26bb.jpg,Longines watches,filtered\Longines\Image_77_361a26bb.jpg
Longines,data\images\Longines\Image_78_a5135829.jpg,Longines watches,filtered\Longines\Image_78_a5135829.jpg
Longines,data\images\Longines\Image_8_e92f9832.jpg,Longines watches,filtered\Longines\Image_8_e92f9832.jpg
Longines,data\images\Longines\Image_9_b9b466d3.jpg,Longines watches,filtered\Longines\Image_9_b9b466d3.jpg
Omega,data\images\Omega\Image_10_5e9900de.jpg,Omega watches,filtered\Omega\Image_10_5e9900de.jpg
Omega,data\images\Omega\Image_11_2d5bdfe0.jpg,Omega watches,filtered\Omega\Image_11_2d5bdfe0.jpg
Omega,data\images\Omega\Image_13_636f56f5.jpg,Omega watches,filtered\Omega\Image_13_636f56f5.jpg
Omega,data\images\Omega\Image_14_a5283dca.jpg,Omega watches,filtered\Omega\Image_14_a5283dca.jpg
Omega,data\images\Omega\Image_15_101d6887.jpg,Omega watches,filtered\Omega\Image_15_101d6887.jpg
Omega,data\images\Omega\Image_17_5d80ae40.jpg,Omega watches,filtered\Omega\Image_17_5d80ae40.jpg
Omega,data\images\Omega\Image_18_8d3c93a2.jpg,Omega watches,filtered\Omega\Image_18_8d3c93a2.jpg
Omega,data\images\Omega\Image_19_7033a659.jpg,Omega watches,filtered\Omega\Image_19_7033a659.jpg
Omega,data\images\Omega\Image_21_08825ed4.jpg,Omega watches,filtered\Omega\Image_21_08825ed4.jpg
Omega,data\images\Omega\Image_22_dc44a976.jpg,Omega watches,filtered\Omega\Image_22_dc44a976.jpg
Omega,data\images\Omega\Image_23_16bd2dc4.jpg,Omega watches,filtered\Omega\Image_23_16bd2dc4.jpg
Omega,data\images\Omega\Image_24_a3b80075.jpg,Omega watches,filtered\Omega\Image_24_a3b80075.jpg
Omega,data\images\Omega\Image_25_0797fb57.jpg,Omega watches,filtered\Omega\Image_25_0797fb57.jpg
Omega,data\images\Omega\Image_27_2b15501c.jpg,Omega watches,filtered\Omega\Image_27_2b15501c.jpg
Omega,data\images\Omega\Image_29_63d092a0.jpg,Omega watches,filtered\Omega\Image_29_63d092a0.jpg
Omega,data\images\Omega\Image_33_9830ed7d.jpg,Omega watches,filtered\Omega\Image_33_9830ed7d.jpg
Omega,data\images\Omega\Image_34_e6d29b43.jpg,Omega watches,filtered\Omega\Image_34_e6d29b43.jpg
Omega,data\images\Omega\Image_35_abbc2bee.jpg,Omega watches,filtered\Omega\Image_35_abbc2bee.jpg
Omega,data\images\Omega\Image_38_f9fcc03b.jpg,Omega watches,filtered\Omega\Image_38_f9fcc03b.jpg
Omega,data\images\Omega\Image_3_38f1884e.jpg,Omega watches,filtered\Omega\Image_3_38f1884e.jpg
Omega,data\images\Omega\Image_40_d42badd9.jpg,Omega watches,filtered\Omega\Image_40_d42badd9.jpg
Omega,data\images\Omega\Image_41_8cdd5225.jpg,Omega watches,filtered\Omega\Image_41_8cdd5225.jpg
Omega,data\images\Omega\Image_42_cd3b03fa.jpg,Omega watches,filtered\Omega\Image_42_cd3b03fa.jpg
Omega,data\images\Omega\Image_43_c9a087a0.jpg,Omega watches,filtered\Omega\Image_43_c9a087a0.jpg
Omega,data\images\Omega\Image_44_86bae995.jpg,Omega watches,filtered\Omega\Image_44_86bae995.jpg
Omega,data\images\Omega\Image_45_d8a1d574.jpg,Omega watches,filtered\Omega\Image_45_d8a1d574.jpg
Omega,data\images\Omega\Image_46_8bfc6a3f.jpg,Omega watches,filtered\Omega\Image_46_8bfc6a3f.jpg
Omega,data\images\Omega\Image_47_7abeeec2.jpg,Omega watches,filtered\Omega\Image_47_7abeeec2.jpg
Omega,data\images\Omega\Image_49_5068f46b.jpg,Omega watches,filtered\Omega\Image_49_5068f46b.jpg
Omega,data\images\Omega\Image_4_d42b1416.jpg,Omega watches,filtered\Omega\Image_4_d42b1416.jpg
Omega,data\images\Omega\Image_51_557ea3be.jpg,Omega watches,filtered\Omega\Image_51_557ea3be.jpg
Omega,data\images\Omega\Image_52_0fb07b2b.jpg,Omega watches,filtered\Omega\Image_52_0fb07b2b.jpg
Omega,data\images\Omega\Image_56_7ce7ab3e.jpg,Omega watches,filtered\Omega\Image_56_7ce7ab3e.jpg
Omega,data\images\Omega\Image_57_cdef5aff.jpg,Omega watches,filtered\Omega\Image_57_cdef5aff.jpg
Omega,data\images\Omega\Image_58_7bb65f79.jpg,Omega watches,filtered\Omega\Image_58_7bb65f79.jpg
Omega,data\images\Omega\Image_59_c509975c.jpg,Omega watches,filtered\Omega\Image_59_c509975c.jpg
Omega,data\images\Omega\Image_60_e9a53405.jpg,Omega watches,filtered\Omega\Image_60_e9a53405.jpg
Omega,data\images\Omega\Image_61_07324bcb.jpg,Omega watches,filtered\Omega\Image_61_07324bcb.jpg
Omega,data\images\Omega\Image_62_2216d34e.jpg,Omega watches,filtered\Omega\Image_62_2216d34e.jpg
Omega,data\images\Omega\Image_63_a2b3fcd6.jpg,Omega watches,filtered\Omega\Image_63_a2b3fcd6.jpg
Omega,data\images\Omega\Image_64_2cce603c.jpg,Omega watches,filtered\Omega\Image_64_2cce603c.jpg
Omega,data\images\Omega\Image_66_e267a42c.jpg,Omega watches,filtered\Omega\Image_66_e267a42c.jpg
Omega,data\images\Omega\Image_67_4a515af3.jpg,Omega watches,filtered\Omega\Image_67_4a515af3.jpg
Omega,data\images\Omega\Image_6_0384b784.jpg,Omega watches,filtered\Omega\Image_6_0384b784.jpg
Omega,data\images\Omega\Image_70_d4a4bbd9.jpg,Omega watches,filtered\Omega\Image_70_d4a4bbd9.jpg
Omega,data\images\Omega\Image_71_2b3b1d72.jpg,Omega watches,filtered\Omega\Image_71_2b3b1d72.jpg
Omega,data\images\Omega\Image_9_d44f7d12.jpg,Omega watches,filtered\Omega\Image_9_d44f7d12.jpg
Patek Philippe,data\images\Patek Philippe\Image_10_cc4b97be.jpg,Patek Philippe watches,filtered\Patek Philippe\Image_10_cc4b97be.jpg
Patek Philippe,data\images\Patek Philippe\Image_11_929e8480.jpg,Patek Philippe watches,filtered\Patek Philippe\Image_11_929e8480.jpg
Patek Philippe,data\images\Patek Philippe\Image_13_1f9c9869.jpg,Patek Philippe watches,filtered\Patek Philippe\Image_13_1f9c9869.jpg
Patek Philippe,data\images\Patek Philippe\Image_14_fe3c3b2b.jpg,Patek Philippe watches,filtered\Patek Philippe\Image_14_fe3c3b2b.jpg
Patek Philippe,data\images\Patek Philippe\Image_17_b079e2b9.jpg,Patek Philippe watches,filtered\Patek Philippe\Image_17_b079e2b9.jpg
Patek Philippe,data\images\Patek Philippe\Image_18_0969cf20.jpg,Patek Philippe watches,filtered\Patek Philippe\Image_18_0969cf20.jpg
Patek Philippe,data\images\Patek Philippe\Image_19_61b4dc06.jpg,Patek Philippe watches,filtered\Patek Philippe\Image_19_61b4dc06.jpg
Patek Philippe,data\images\Patek Philippe\Image_1_12377f70.jpg,Patek Philippe watches,filtered\Patek Philippe\Image_1_12377f70.jpg
Patek Philippe,data\images\Patek Philippe\Image_20_a7dcec06.jpg,Patek Philippe watches,filtered\Patek Philippe\Image_20_a7dcec06.jpg
Patek Philippe,data\images\Patek Philippe\Image_21_ffa26cda.jpg,Patek Philippe watches,filtered\Patek Philippe\Image_21_ffa26cda.jpg
Patek Philippe,data\images\Patek Philippe\Image_22_d07b1db7.jpg,Patek Philippe watches,filtered\Patek Philippe\Image_22_d07b1db7.jpg
Patek Philippe,data\images\Patek Philippe\Image_23_664a1704.jpg,Patek Philippe watches,filtered\Patek Philippe\Image_23_664a1704.jpg
Patek Philippe,data\images\Patek Philippe\Image_24_71ec599f.jpg,Patek Philippe watches,filtered\Patek Philippe\Image_24_71ec599f.jpg
Patek Philippe,data\images\Patek Philippe\Image_25_48c7a26c.jpg,Patek Philippe watches,filtered\Patek Philippe\Image_25_48c7a26c.jpg
Patek Philippe,data\images\Patek Philippe\Image_26_93ccbe55.jpg,Patek Philippe watches,filtered\Patek Philippe\Image_26_93ccbe55.jpg
Patek Philippe,data\images\Patek Philippe\Image_27_2e9543fc.jpg,Patek Philippe watches,filtered\Patek Philippe\Image_27_2e9543fc.jpg
Patek Philippe,data\images\Patek Philippe\Image_28_d50838ca.jpg,Patek Philippe watches,filtered\Patek Philippe\Image_28_d50838ca.jpg
Patek Philippe,data\images\Patek Philippe\Image_29_69fc063b.jpg,Patek Philippe watches,filtered\Patek Philippe\Image_29_69fc063b.jpg
Patek Philippe,data\images\Patek Philippe\Image_2_8cffe1fb.jpg,Patek Philippe watches,filtered\Patek Philippe\Image_2_8cffe1fb.jpg
Patek Philippe,data\images\Patek Philippe\Image_30_cdc1bd96.jpg,Patek Philippe watches,filtered\Patek Philippe\Image_30_cdc1bd96.jpg
Patek Philippe,data\images\Patek Philippe\Image_31_5e9f24d1.jpg,Patek Philippe watches,filtered\Patek Philippe\Image_31_5e9f24d1.jpg
Patek Philippe,data\images\Patek Philippe\Image_32_a28cc6ce.jpg,Patek Philippe watches,filtered\Patek Philippe\Image_32_a28cc6ce.jpg
Patek Philippe,data\images\Patek Philippe\Image_33_7db869b2.jpg,Patek Philippe watches,filtered\Patek Philippe\Image_33_7db869b2.jpg
Patek Philippe,data\images\Patek Philippe\Image_34_ac9f004e.jpg,Patek Philippe watches,filtered\Patek Philippe\Image_34_ac9f004e.jpg
Patek Philippe,data\images\Patek Philippe\Image_36_f1355dbd.jpg,Patek Philippe watches,filtered\Patek Philippe\Image_36_f1355dbd.jpg
Patek Philippe,data\images\Patek Philippe\Image_37_3b74310a.jpg,Patek Philippe watches,filtered\Patek Philippe\Image_37_3b74310a.jpg
Patek Philippe,data\images\Patek Philippe\Image_38_536e24ba.jpg,Patek Philippe watches,filtered\Patek Philippe\Image_38_536e24ba.jpg
Patek Philippe,data\images\Patek Philippe\Image_39_38f83498.jpg,Patek Philippe watches,filtered\Patek Philippe\Image_39_38f83498.jpg
Patek Philippe,data\images\Patek Philippe\Image_3_63659588.jpg,Patek Philippe watches,filtered\Patek Philippe\Image_3_63659588.jpg
Patek Philippe,data\images\Patek Philippe\Image_40_58071c3c.jpg,Patek Philippe watches,filtered\Patek Philippe\Image_40_58071c3c.jpg
Patek Philippe,data\images\Patek Philippe\Image_41_5c4d7763.jpg,Patek Philippe watches,filtered\Patek Philippe\Image_41_5c4d7763.jpg
Patek Philippe,data\images\Patek Philippe\Image_42_895e101d.jpg,Patek Philippe watches,filtered\Patek Philippe\Image_42_895e101d.jpg
Patek Philippe,data\images\Patek Philippe\Image_43_eb71bd64.jpg,Patek Philippe watches,filtered\Patek Philippe\Image_43_eb71bd64.jpg
Patek Philippe,data\images\Patek Philippe\Image_44_03e47c8b.jpg,Patek Philippe watches,filtered\Patek Philippe\Image_44_03e47c8b.jpg
Patek Philippe,data\images\Patek Philippe\Image_45_fbaa0cc4.jpg,Patek Philippe watches,filtered\Patek Philippe\Image_45_fbaa0cc4.jpg
Patek Philippe,data\images\Patek Philippe\Image_46_757e6863.jpg,Patek Philippe watches,filtered\Patek Philippe\Image_46_757e6863.jpg
Patek Philippe,data\images\Patek Philippe\Image_49_9cfdd98b.jpg,Patek Philippe watches,filtered\Patek Philippe\Image_49_9cfdd98b.jpg
Patek Philippe,data\images\Patek Philippe\Image_4_4b72bfd3.jpg,Patek Philippe watches,filtered\Patek Philippe\Image_4_4b72bfd3.jpg
Patek Philippe,data\images\Patek Philippe\Image_50_ee22f4ac.jpg,Patek Philippe watches,filtered\Patek Philippe\Image_50_ee22f4ac.jpg
Patek Philippe,data\images\Patek Philippe\Image_53_97fbb374.jpg,Patek Philippe watches,filtered\Patek Philippe\Image_53_97fbb374.jpg
Patek Philippe,data\images\Patek Philippe\Image_55_028d59a2.jpg,Patek Philippe watches,filtered\Patek Philippe\Image_55_028d59a2.jpg
Patek Philippe,data\images\Patek Philippe\Image_56_683f3193.jpg,Patek Philippe watches,filtered\Patek Philippe\Image_56_683f3193.jpg
Patek Philippe,data\images\Patek Philippe\Image_57_f17a5a44.jpg,Patek Philippe watches,filtered\Patek Philippe\Image_57_f17a5a44.jpg
Patek Philippe,data\images\Patek Philippe\Image_58_135cc632.jpg,Patek Philippe watches,filtered\Patek Philippe\Image_58_135cc632.jpg
Patek Philippe,data\images\Patek Philippe\Image_59_68b6a11b.jpg,Patek Philippe watches,filtered\Patek Philippe\Image_59_68b6a11b.jpg
Patek Philippe,data\images\Patek Philippe\Image_5_5d57a618.jpg,Patek Philippe watches,filtered\Patek Philippe\Image_5_5d57a618.jpg
Patek Philippe,data\images\Patek Philippe\Image_61_61a55fe0.jpg,Patek Philippe watches,filtered\Patek Philippe\Image_61_61a55fe0.jpg
Patek Philippe,data\images\Patek Philippe\Image_62_4277110a.jpg,Patek Philippe watches,filtered\Patek Philippe\Image_62_4277110a.jpg
Patek Philippe,data\images\Patek Philippe\Image_63_066532c2.jpg,Patek Philippe watches,filtered\Patek Philippe\Image_63_066532c2.jpg
Patek Philippe,data\images\Patek Philippe\Image_65_86188243.jpg,Patek Philippe watches,filtered\Patek Philippe\Image_65_86188243.jpg
Patek Philippe,data\images\Patek Philippe\Image_67_01bd6939.jpg,Patek Philippe watches,filtered\Patek Philippe\Image_67_01bd6939.jpg
Patek Philippe,data\images\Patek Philippe\Image_68_b2fa1d19.jpg,Patek Philippe watches,filtered\Patek Philippe\Image_68_b2fa1d19.jpg
Patek Philippe,data\images\Patek Philippe\Image_6_4fa81d58.jpg,Patek Philippe watches,filtered\Patek Philippe\Image_6_4fa81d58.jpg
Patek Philippe,data\images\Patek Philippe\Image_70_95a6fa43.jpg,Patek Philippe watches,filtered\Patek Philippe\Image_70_95a6fa43.jpg
Patek Philippe,data\images\Patek Philippe\Image_72_54fbebb4.jpg,Patek Philippe watches,filtered\Patek Philippe\Image_72_54fbebb4.jpg
Patek Philippe,data\images\Patek Philippe\Image_7_c05247a3.jpg,Patek Philippe watches,filtered\Patek Philippe\Image_7_c05247a3.jpg
Patek Philippe,data\images\Patek Philippe\Image_8_c8b05142.jpg,Patek Philippe watches,filtered\Patek Philippe\Image_8_c8b05142.jpg
Patek Philippe,data\images\Patek Philippe\Image_9_19f8ffca.jpg,Patek Philippe watches,filtered\Patek Philippe\Image_9_19f8ffca.jpg
Rolex,data\images\Rolex\Image_10_137014c0.jpg,Rolex watches,filtered\Rolex\Image_10_137014c0.jpg
Rolex,data\images\Rolex\Image_11_1edc0006.jpg,Rolex watches,filtered\Rolex\Image_11_1edc0006.jpg
Rolex,data\images\Rolex\Image_12_849893dc.jpg,Rolex watches,filtered\Rolex\Image_12_849893dc.jpg
Rolex,data\images\Rolex\Image_13_a6d80793.jpg,Rolex watches,filtered\Rolex\Image_13_a6d80793.jpg
Rolex,data\images\Rolex\Image_14_7de7c749.jpg,Rolex watches,filtered\Rolex\Image_14_7de7c749.jpg
Rolex,data\images\Rolex\Image_15_6c521971.jpg,Rolex watches,filtered\Rolex\Image_15_6c521971.jpg
Rolex,data\images\Rolex\Image_16_5174d9b2.jpg,Rolex watches,filtered\Rolex\Image_16_5174d9b2.jpg
Rolex,data\images\Rolex\Image_19_30c8176f.jpg,Rolex watches,filtered\Rolex\Image_19_30c8176f.jpg
Rolex,data\images\Rolex\Image_21_ad68accc.jpg,Rolex watches,filtered\Rolex\Image_21_ad68accc.jpg
Rolex,data\images\Rolex\Image_22_32f8cca5.jpg,Rolex watches,filtered\Rolex\Image_22_32f8cca5.jpg
Rolex,data\images\Rolex\Image_23_afe44330.jpg,Rolex watches,filtered\Rolex\Image_23_afe44330.jpg
Rolex,data\images\Rolex\Image_25_70196a27.jpg,Rolex watches,filtered\Rolex\Image_25_70196a27.jpg
Rolex,data\images\Rolex\Image_27_5368c854.jpg,Rolex watches,filtered\Rolex\Image_27_5368c854.jpg
Rolex,data\images\Rolex\Image_28_2b614d73.jpg,Rolex watches,filtered\Rolex\Image_28_2b614d73.jpg
Rolex,data\images\Rolex\Image_2_2b264646.jpg,Rolex watches,filtered\Rolex\Image_2_2b264646.jpg
Rolex,data\images\Rolex\Image_30_21aaa520.jpg,Rolex watches,filtered\Rolex\Image_30_21aaa520.jpg
Rolex,data\images\Rolex\Image_31_dc731381.jpg,Rolex watches,filtered\Rolex\Image_31_dc731381.jpg
Rolex,data\images\Rolex\Image_32_b24250e8.jpg,Rolex watches,filtered\Rolex\Image_32_b24250e8.jpg
Rolex,data\images\Rolex\Image_33_2a91335d.jpg,Rolex watches,filtered\Rolex\Image_33_2a91335d.jpg
Rolex,data\images\Rolex\Image_34_fc4837e7.jpg,Rolex watches,filtered\Rolex\Image_34_fc4837e7.jpg
Rolex,data\images\Rolex\Image_36_0904180b.jpg,Rolex watches,filtered\Rolex\Image_36_0904180b.jpg
Rolex,data\images\Rolex\Image_37_9fe90652.jpg,Rolex watches,filtered\Rolex\Image_37_9fe90652.jpg
Rolex,data\images\Rolex\Image_38_9d1f8a35.jpg,Rolex watches,filtered\Rolex\Image_38_9d1f8a35.jpg
Rolex,data\images\Rolex\Image_39_6bf562a0.jpg,Rolex watches,filtered\Rolex\Image_39_6bf562a0.jpg
Rolex,data\images\Rolex\Image_3_25ff27dd.jpg,Rolex watches,filtered\Rolex\Image_3_25ff27dd.jpg
Rolex,data\images\Rolex\Image_40_e079e681.jpg,Rolex watches,filtered\Rolex\Image_40_e079e681.jpg
Rolex,data\images\Rolex\Image_41_a932a817.jpg,Rolex watches,filtered\Rolex\Image_41_a932a817.jpg
Rolex,data\images\Rolex\Image_42_1fa3b354.jpg,Rolex watches,filtered\Rolex\Image_42_1fa3b354.jpg
Rolex,data\images\Rolex\Image_43_7f2f6ed2.jpg,Rolex watches,filtered\Rolex\Image_43_7f2f6ed2.jpg
Rolex,data\images\Rolex\Image_44_7acf8aab.jpg,Rolex watches,filtered\Rolex\Image_44_7acf8aab.jpg
Rolex,data\images\Rolex\Image_45_ff222daf.jpg,Rolex watches,filtered\Rolex\Image_45_ff222daf.jpg
Rolex,data\images\Rolex\Image_46_8cd54525.jpg,Rolex watches,filtered\Rolex\Image_46_8cd54525.jpg
Rolex,data\images\Rolex\Image_48_f6b4955a.jpg,Rolex watches,filtered\Rolex\Image_48_f6b4955a.jpg
Rolex,data\images\Rolex\Image_49_2a86dd0a.jpg,Rolex watches,filtered\Rolex\Image_49_2a86dd0a.jpg
Rolex,data\images\Rolex\Image_4_3e839a88.jpg,Rolex watches,filtered\Rolex\Image_4_3e839a88.jpg
Rolex,data\images\Rolex\Image_50_cbb6dfcd.jpg,Rolex watches,filtered\Rolex\Image_50_cbb6dfcd.jpg
Rolex,data\images\Rolex\Image_51_28d3a9a5.jpg,Rolex watches,filtered\Rolex\Image_51_28d3a9a5.jpg
Rolex,data\images\Rolex\Image_56_67e45eec.jpg,Rolex watches,filtered\Rolex\Image_56_67e45eec.jpg
Rolex,data\images\Rolex\Image_5_1c0048e3.jpg,Rolex watches,filtered\Rolex\Image_5_1c0048e3.jpg
Rolex,data\images\Rolex\Image_63_4f9aa898.jpg,Rolex watches,filtered\Rolex\Image_63_4f9aa898.jpg
Rolex,data\images\Rolex\Image_68_8ae9d51d.jpg,Rolex watches,filtered\Rolex\Image_68_8ae9d51d.jpg
Rolex,data\images\Rolex\Image_70_74391b9f.jpg,Rolex watches,filtered\Rolex\Image_70_74391b9f.jpg
Rolex,data\images\Rolex\Image_71_24ac42d6.jpg,Rolex watches,filtered\Rolex\Image_71_24ac42d6.jpg
Rolex,data\images\Rolex\Image_72_ac01c884.jpg,Rolex watches,filtered\Rolex\Image_72_ac01c884.jpg
Rolex,data\images\Rolex\Image_73_9bfa46a8.jpg,Rolex watches,filtered\Rolex\Image_73_9bfa46a8.jpg
Rolex,data\images\Rolex\Image_74_0dd7cd12.jpg,Rolex watches,filtered\Rolex\Image_74_0dd7cd12.jpg
Rolex,data\images\Rolex\Image_8_d3f92303.jpg,Rolex watches,filtered\Rolex\Image_8_d3f92303.jpg
Rolex,data\images\Rolex\Image_9_e64db1cf.jpg,Rolex watches,filtered\Rolex\Image_9_e64db1cf.jpg
Seiko,data\images\Seiko\Image_10_19bff703.jpg,Seiko watches,filtered\Seiko\Image_10_19bff703.jpg
Seiko,data\images\Seiko\Image_11_78ad18b7.jpg,Seiko watches,filtered\Seiko\Image_11_78ad18b7.jpg
Seiko,data\images\Seiko\Image_12_c7af2668.jpg,Seiko watches,filtered\Seiko\Image_12_c7af2668.jpg
Seiko,data\images\Seiko\Image_13_cbfe75c4.jpg,Seiko watches,filtered\Seiko\Image_13_cbfe75c4.jpg
Seiko,data\images\Seiko\Image_15_dcbd2040.jpg,Seiko watches,filtered\Seiko\Image_15_dcbd2040.jpg
Seiko,data\images\Seiko\Image_16_b44d8bb6.jpg,Seiko watches,filtered\Seiko\Image_16_b44d8bb6.jpg
Seiko,data\images\Seiko\Image_18_3def3ce7.jpg,Seiko watches,filtered\Seiko\Image_18_3def3ce7.jpg
Seiko,data\images\Seiko\Image_1_66dafbf8.jpg,Seiko watches,filtered\Seiko\Image_1_66dafbf8.jpg
Seiko,data\images\Seiko\Image_20_027d80d9.jpg,Seiko watches,filtered\Seiko\Image_20_027d80d9.jpg
Seiko,data\images\Seiko\Image_21_3fafd39b.jpg,Seiko watches,filtered\Seiko\Image_21_3fafd39b.jpg
Seiko,data\images\Seiko\Image_22_084caa46.jpg,Seiko watches,filtered\Seiko\Image_22_084caa46.jpg
Seiko,data\images\Seiko\Image_24_5333edd3.jpg,Seiko watches,filtered\Seiko\Image_24_5333edd3.jpg
Seiko,data\images\Seiko\Image_25_67a54937.jpg,Seiko watches,filtered\Seiko\Image_25_67a54937.jpg
Seiko,data\images\Seiko\Image_26_430f54df.jpg,Seiko watches,filtered\Seiko\Image_26_430f54df.jpg
Seiko,data\images\Seiko\Image_27_82d1821a.jpg,Seiko watches,filtered\Seiko\Image_27_82d1821a.jpg
Seiko,data\images\Seiko\Image_28_7f32a57f.jpg,Seiko watches,filtered\Seiko\Image_28_7f32a57f.jpg
Seiko,data\images\Seiko\Image_29_78eead1f.jpg,Seiko watches,filtered\Seiko\Image_29_78eead1f.jpg
Seiko,data\images\Seiko\Image_2_1b5c4ef0.jpg,Seiko watches,filtered\Seiko\Image_2_1b5c4ef0.jpg
Seiko,data\images\Seiko\Image_30_df2be853.jpg,Seiko watches,filtered\Seiko\Image_30_df2be853.jpg
Seiko,data\images\Seiko\Image_32_ce4f698d.jpg,Seiko watches,filtered\Seiko\Image_32_ce4f698d.jpg
Seiko,data\images\Seiko\Image_33_9de9b104.jpg,Seiko watches,filtered\Seiko\Image_33_9de9b104.jpg
Seiko,data\images\Seiko\Image_34_7ce35c7f.jpg,Seiko watches,filtered\Seiko\Image_34_7ce35c7f.jpg
Seiko,data\images\Seiko\Image_35_54077e99.jpg,Seiko watches,filtered\Seiko\Image_35_54077e99.jpg
Seiko,data\images\Seiko\Image_36_9454fb30.jpg,Seiko watches,filtered\Seiko\Image_36_9454fb30.jpg
Seiko,data\images\Seiko\Image_38_bb5435d5.jpg,Seiko watches,filtered\Seiko\Image_38_bb5435d5.jpg
Seiko,data\images\Seiko\Image_39_7f4d6616.jpg,Seiko watches,filtered\Seiko\Image_39_7f4d6616.jpg
Seiko,data\images\Seiko\Image_3_49e5dddb.jpg,Seiko watches,filtered\Seiko\Image_3_49e5dddb.jpg
Seiko,data\images\Seiko\Image_40_1474200b.jpg,Seiko watches,filtered\Seiko\Image_40_1474200b.jpg
Seiko,data\images\Seiko\Image_41_0964dde6.jpg,Seiko watches,filtered\Seiko\Image_41_0964dde6.jpg
Seiko,data\images\Seiko\Image_42_79dea82a.jpg,Seiko watches,filtered\Seiko\Image_42_79dea82a.jpg
Seiko,data\images\Seiko\Image_43_42de67e2.jpg,Seiko watches,filtered\Seiko\Image_43_42de67e2.jpg
Seiko,data\images\Seiko\Image_44_99a9fa20.jpg,Seiko watches,filtered\Seiko\Image_44_99a9fa20.jpg
Seiko,data\images\Seiko\Image_45_2394073d.jpg,Seiko watches,filtered\Seiko\Image_45_2394073d.jpg
Seiko,data\images\Seiko\Image_47_f44edba8.jpg,Seiko watches,filtered\Seiko\Image_47_f44edba8.jpg
Seiko,data\images\Seiko\Image_49_06196e06.jpg,Seiko watches,filtered\Seiko\Image_49_06196e06.jpg
Seiko,data\images\Seiko\Image_4_046d1810.jpg,Seiko watches,filtered\Seiko\Image_4_046d1810.jpg
Seiko,data\images\Seiko\Image_51_ba720eb0.jpg,Seiko watches,filtered\Seiko\Image_51_ba720eb0.jpg
Seiko,data\images\Seiko\Image_53_7e448a0a.jpg,Seiko watches,filtered\Seiko\Image_53_7e448a0a.jpg
Seiko,data\images\Seiko\Image_54_3c46d40a.jpg,Seiko watches,filtered\Seiko\Image_54_3c46d40a.jpg
Seiko,data\images\Seiko\Image_55_de7cc5bd.jpg,Seiko watches,filtered\Seiko\Image_55_de7cc5bd.jpg
Seiko,data\images\Seiko\Image_56_ab0f5dca.jpg,Seiko watches,filtered\Seiko\Image_56_ab0f5dca.jpg
Seiko,data\images\Seiko\Image_58_98e03984.jpg,Seiko watches,filtered\Seiko\Image_58_98e03984.jpg
Seiko,data\images\Seiko\Image_59_133e84f6.jpg,Seiko watches,filtered\Seiko\Image_59_133e84f6.jpg
Seiko,data\images\Seiko\Image_5_932594e6.jpg,Seiko watches,filtered\Seiko\Image_5_932594e6.jpg
Seiko,data\images\Seiko\Image_61_eb60176c.jpg,Seiko watches,filtered\Seiko\Image_61_eb60176c.jpg
Seiko,data\images\Seiko\Image_62_4ff9027b.jpg,Seiko watches,filtered\Seiko\Image_62_4ff9027b.jpg
Seiko,data\images\Seiko\Image_63_b4188761.jpg,Seiko watches,filtered\Seiko\Image_63_b4188761.jpg
Seiko,data\images\Seiko\Image_64_28176fa3.jpg,Seiko watches,filtered\Seiko\Image_64_28176fa3.jpg
Seiko,data\images\Seiko\Image_65_f94c0c48.jpg,Seiko watches,filtered\Seiko\Image_65_f94c0c48.jpg
Seiko,data\images\Seiko\Image_67_2aa21cf7.jpg,Seiko watches,filtered\Seiko\Image_67_2aa21cf7.jpg
Seiko,data\images\Seiko\Image_68_8153ccba.jpg,Seiko watches,filtered\Seiko\Image_68_8153ccba.jpg
Seiko,data\images\Seiko\Image_69_6bd9388f.jpg,Seiko watches,filtered\Seiko\Image_69_6bd9388f.jpg
Seiko,data\images\Seiko\Image_70_bac7dda5.jpg,Seiko watches,filtered\Seiko\Image_70_bac7dda5.jpg
Seiko,data\images\Seiko\Image_73_a08d0862.jpg,Seiko watches,filtered\Seiko\Image_73_a08d0862.jpg
Seiko,data\images\Seiko\Image_74_6fc13d42.jpg,Seiko watches,filtered\Seiko\Image_74_6fc13d42.jpg
Seiko,data\images\Seiko\Image_77_5efb3a37.jpg,Seiko watches,filtered\Seiko\Image_77_5efb3a37.jpg
Seiko,data\images\Seiko\Image_9_3b1a99e7.jpg,Seiko watches,filtered\Seiko\Image_9_3b1a99e7.jpg
TAG Heuer,data\images\TAG Heuer\Image_10_d0d89a61.jpg,TAG Heuer watches,filtered\TAG Heuer\Image_10_d0d89a61.jpg
TAG Heuer,data\images\TAG Heuer\Image_11_f2891e60.jpg,TAG Heuer watches,filtered\TAG Heuer\Image_11_f2891e60.jpg
TAG Heuer,data\images\TAG Heuer\Image_12_427a141b.jpg,TAG Heuer watches,filtered\TAG Heuer\Image_12_427a141b.jpg
TAG Heuer,data\images\TAG Heuer\Image_14_4f238ba3.jpg,TAG Heuer watches,filtered\TAG Heuer\Image_14_4f238ba3.jpg
TAG Heuer,data\images\TAG Heuer\Image_15_c50bce13.jpg,TAG Heuer watches,filtered\TAG Heuer\Image_15_c50bce13.jpg
TAG Heuer,data\images\TAG Heuer\Image_16_051d481b.jpg,TAG Heuer watches,filtered\TAG Heuer\Image_16_051d481b.jpg
TAG Heuer,data\images\TAG Heuer\Image_17_5496b08c.jpg,TAG Heuer watches,filtered\TAG Heuer\Image_17_5496b08c.jpg
TAG Heuer,data\images\TAG Heuer\Image_18_88a61587.jpg,TAG Heuer watches,filtered\TAG Heuer\Image_18_88a61587.jpg
TAG Heuer,data\images\TAG Heuer\Image_19_6b7e5716.jpg,TAG Heuer watches,filtered\TAG Heuer\Image_19_6b7e5716.jpg
TAG Heuer,data\images\TAG Heuer\Image_1_7f8e8100.jpg,TAG Heuer watches,filtered\TAG Heuer\Image_1_7f8e8100.jpg
TAG Heuer,data\images\TAG Heuer\Image_20_cd8b7708.jpg,TAG Heuer watches,filtered\TAG Heuer\Image_20_cd8b7708.jpg
TAG Heuer,data\images\TAG Heuer\Image_21_323f2bff.jpg,TAG Heuer watches,filtered\TAG Heuer\Image_21_323f2bff.jpg
TAG Heuer,data\images\TAG Heuer\Image_22_a5a73136.jpg,TAG Heuer watches,filtered\TAG Heuer\Image_22_a5a73136.jpg
TAG Heuer,data\images\TAG Heuer\Image_23_6bd4dc8b.jpg,TAG Heuer watches,filtered\TAG Heuer\Image_23_6bd4dc8b.jpg
TAG Heuer,data\images\TAG Heuer\Image_24_1cd6b29f.jpg,TAG Heuer watches,filtered\TAG Heuer\Image_24_1cd6b29f.jpg
TAG Heuer,data\images\TAG Heuer\Image_25_4331f69d.jpg,TAG Heuer watches,filtered\TAG Heuer\Image_25_4331f69d.jpg
TAG Heuer,data\images\TAG Heuer\Image_26_2a38fbe0.jpg,TAG Heuer watches,filtered\TAG Heuer\Image_26_2a38fbe0.jpg
TAG Heuer,data\images\TAG Heuer\Image_27_02adcdb4.jpg,TAG Heuer watches,filtered\TAG Heuer\Image_27_02adcdb4.jpg
TAG Heuer,data\images\TAG Heuer\Image_28_15b39992.jpg,TAG Heuer watches,filtered\TAG Heuer\Image_28_15b39992.jpg
TAG Heuer,data\images\TAG Heuer\Image_29_c7f7482c.jpg,TAG Heuer watches,filtered\TAG Heuer\Image_29_c7f7482c.jpg
TAG Heuer,data\images\TAG Heuer\Image_2_aed1f7ab.jpg,TAG Heuer watches,filtered\TAG Heuer\Image_2_aed1f7ab.jpg
TAG Heuer,data\images\TAG Heuer\Image_30_416a3132.jpg,TAG Heuer watches,filtered\TAG Heuer\Image_30_416a3132.jpg
TAG Heuer,data\images\TAG Heuer\Image_31_6eda5ead.jpg,TAG Heuer watches,filtered\TAG Heuer\Image_31_6eda5ead.jpg
TAG Heuer,data\images\TAG Heuer\Image_32_c91300b4.jpg,TAG Heuer watches,filtered\TAG Heuer\Image_32_c91300b4.jpg
TAG Heuer,data\images\TAG Heuer\Image_33_fe2befce.jpg,TAG Heuer watches,filtered\TAG Heuer\Image_33_fe2befce.jpg
TAG Heuer,data\images\TAG Heuer\Image_34_bcf82aa7.jpg,TAG Heuer watches,filtered\TAG Heuer\Image_34_bcf82aa7.jpg
TAG Heuer,data\images\TAG Heuer\Image_35_afd3d7b3.jpg,TAG Heuer watches,filtered\TAG Heuer\Image_35_afd3d7b3.jpg
TAG Heuer,data\images\TAG Heuer\Image_36_018fce16.jpg,TAG Heuer watches,filtered\TAG Heuer\Image_36_018fce16.jpg
TAG Heuer,data\images\TAG Heuer\Image_37_2edd2838.jpg,TAG Heuer watches,filtered\TAG Heuer\Image_37_2edd2838.jpg
TAG Heuer,data\images\TAG Heuer\Image_38_c3410221.jpg,TAG Heuer watches,filtered\TAG Heuer\Image_38_c3410221.jpg
TAG Heuer,data\images\TAG Heuer\Image_39_f02257ed.jpg,TAG Heuer watches,filtered\TAG Heuer\Image_39_f02257ed.jpg
TAG Heuer,data\images\TAG Heuer\Image_3_8d572e48.jpg,TAG Heuer watches,filtered\TAG Heuer\Image_3_8d572e48.jpg
TAG Heuer,data\images\TAG Heuer\Image_40_2ecce4fe.jpg,TAG Heuer watches,filtered\TAG Heuer\Image_40_2ecce4fe.jpg
TAG Heuer,data\images\TAG Heuer\Image_41_bbbf13e3.jpg,TAG Heuer watches,filtered\TAG Heuer\Image_41_bbbf13e3.jpg
TAG Heuer,data\images\TAG Heuer\Image_42_3a751f84.jpg,TAG Heuer watches,filtered\TAG Heuer\Image_42_3a751f84.jpg
TAG Heuer,data\images\TAG Heuer\Image_43_318ac505.jpg,TAG Heuer watches,filtered\TAG Heuer\Image_43_318ac505.jpg
TAG Heuer,data\images\TAG Heuer\Image_44_f9caf7c0.jpg,TAG Heuer watches,filtered\TAG Heuer\Image_44_f9caf7c0.jpg
TAG Heuer,data\images\TAG Heuer\Image_45_5b586495.jpg,TAG Heuer watches,filtered\TAG Heuer\Image_45_5b586495.jpg
TAG Heuer,data\images\TAG Heuer\Image_46_f4315e25.jpg,TAG Heuer watches,filtered\TAG Heuer\Image_46_f4315e25.jpg
TAG Heuer,data\images\TAG Heuer\Image_47_c1863cdc.jpg,TAG Heuer watches,filtered\TAG Heuer\Image_47_c1863cdc.jpg
TAG Heuer,data\images\TAG Heuer\Image_48_1d277c5e.jpg,TAG Heuer watches,filtered\TAG Heuer\Image_48_1d277c5e.jpg
TAG Heuer,data\images\TAG Heuer\Image_49_ced9a067.jpg,TAG Heuer watches,filtered\TAG Heuer\Image_49_ced9a067.jpg
TAG Heuer,data\images\TAG Heuer\Image_4_ebdd2629.jpg,TAG Heuer watches,filtered\TAG Heuer\Image_4_ebdd2629.jpg
TAG Heuer,data\images\TAG Heuer\Image_50_3c785f94.jpg,TAG Heuer watches,filtered\TAG Heuer\Image_50_3c785f94.jpg
TAG Heuer,data\images\TAG Heuer\Image_52_3589dc68.jpg,TAG Heuer watches,filtered\TAG Heuer\Image_52_3589dc68.jpg
TAG Heuer,data\images\TAG Heuer\Image_53_f81adacd.jpg,TAG Heuer watches,filtered\TAG Heuer\Image_53_f81adacd.jpg
TAG Heuer,data\images\TAG Heuer\Image_54_dffb636e.jpg,TAG Heuer watches,filtered\TAG Heuer\Image_54_dffb636e.jpg
TAG Heuer,data\images\TAG Heuer\Image_55_09bfc748.jpg,TAG Heuer watches,filtered\TAG Heuer\Image_55_09bfc748.jpg
TAG Heuer,data\images\TAG Heuer\Image_56_b69f49e5.jpg,TAG Heuer watches,filtered\TAG Heuer\Image_56_b69f49e5.jpg
TAG Heuer,data\images\TAG Heuer\Image_57_51dd4ff0.jpg,TAG Heuer watches,filtered\TAG Heuer\Image_57_51dd4ff0.jpg
TAG Heuer,data\images\TAG Heuer\Image_58_422d737b.jpg,TAG Heuer watches,filtered\TAG Heuer\Image_58_422d737b.jpg
TAG Heuer,data\images\TAG Heuer\Image_59_40a511cc.jpg,TAG Heuer watches,filtered\TAG Heuer\Image_59_40a511cc.jpg
TAG Heuer,data\images\TAG Heuer\Image_5_31b5b3c1.jpg,TAG Heuer watches,filtered\TAG Heuer\Image_5_31b5b3c1.jpg
TAG Heuer,data\images\TAG Heuer\Image_60_957e414a.jpg,TAG Heuer watches,filtered\TAG Heuer\Image_60_957e414a.jpg
TAG Heuer,data\images\TAG Heuer\Image_61_605a3f36.jpg,TAG Heuer watches,filtered\TAG Heuer\Image_61_605a3f36.jpg
TAG Heuer,data\images\TAG Heuer\Image_62_ff72a65c.jpg,TAG Heuer watches,filtered\TAG Heuer\Image_62_ff72a65c.jpg
TAG Heuer,data\images\TAG Heuer\Image_63_d55d6142.jpg,TAG Heuer watches,filtered\TAG Heuer\Image_63_d55d6142.jpg
TAG Heuer,data\images\TAG Heuer\Image_64_79d97704.jpg,TAG Heuer watches,filtered\TAG Heuer\Image_64_79d97704.jpg
TAG Heuer,data\images\TAG Heuer\Image_65_2b5585ca.jpg,TAG Heuer watches,filtered\TAG Heuer\Image_65_2b5585ca.jpg
TAG Heuer,data\images\TAG Heuer\Image_66_b20fcb63.jpg,TAG Heuer watches,filtered\TAG Heuer\Image_66_b20fcb63.jpg
TAG Heuer,data\images\TAG Heuer\Image_67_c63a4963.jpg,TAG Heuer watches,filtered\TAG Heuer\Image_67_c63a4963.jpg
TAG Heuer,data\images\TAG Heuer\Image_68_5eb1b69b.jpg,TAG Heuer watches,filtered\TAG Heuer\Image_68_5eb1b69b.jpg
TAG Heuer,data\images\TAG Heuer\Image_69_34d6f91c.jpg,TAG Heuer watches,filtered\TAG Heuer\Image_69_34d6f91c.jpg
TAG Heuer,data\images\TAG Heuer\Image_6_8b4d9119.jpg,TAG Heuer watches,filtered\TAG Heuer\Image_6_8b4d9119.jpg
TAG Heuer,data\images\TAG Heuer\Image_70_fa590f86.jpg,TAG Heuer watches,filtered\TAG Heuer\Image_70_fa590f86.jpg
TAG Heuer,data\images\TAG Heuer\Image_71_bbb5425b.jpg,TAG Heuer watches,filtered\TAG Heuer\Image_71_bbb5425b.jpg
TAG Heuer,data\images\TAG Heuer\Image_72_296f38fd.jpg,TAG Heuer watches,filtered\TAG Heuer\Image_72_296f38fd.jpg
TAG Heuer,data\images\TAG Heuer\Image_73_97415ff8.jpg,TAG Heuer watches,filtered\TAG Heuer\Image_73_97415ff8.jpg
TAG Heuer,data\images\TAG Heuer\Image_74_78faed8b.jpg,TAG Heuer watches,filtered\TAG Heuer\Image_74_78faed8b.jpg
TAG Heuer,data\images\TAG Heuer\Image_76_77e020fa.jpg,TAG Heuer watches,filtered\TAG Heuer\Image_76_77e020fa.jpg
TAG Heuer,data\images\TAG Heuer\Image_77_dcf239cf.jpg,TAG Heuer watches,filtered\TAG Heuer\Image_77_dcf239cf.jpg
TAG Heuer,data\images\TAG Heuer\Image_78_b128761e.jpg,TAG Heuer watches,filtered\TAG Heuer\Image_78_b128761e.jpg
TAG Heuer,data\images\TAG Heuer\Image_79_90a19023.jpg,TAG Heuer watches,filtered\TAG Heuer\Image_79_90a19023.jpg
TAG Heuer,data\images\TAG Heuer\Image_7_ca7aeedb.jpg,TAG Heuer watches,filtered\TAG Heuer\Image_7_ca7aeedb.jpg
TAG Heuer,data\images\TAG Heuer\Image_80_98643da6.jpg,TAG Heuer watches,filtered\TAG Heuer\Image_80_98643da6.jpg
TAG Heuer,data\images\TAG Heuer\Image_81_7f394ea6.jpg,TAG Heuer watches,filtered\TAG Heuer\Image_81_7f394ea6.jpg
TAG Heuer,data\images\TAG Heuer\Image_82_298613eb.jpg,TAG Heuer watches,filtered\TAG Heuer\Image_82_298613eb.jpg
TAG Heuer,data\images\TAG Heuer\Image_83_434f6a48.jpg,TAG Heuer watches,filtered\TAG Heuer\Image_83_434f6a48.jpg
TAG Heuer,data\images\TAG Heuer\Image_84_73e8aebd.jpg,TAG Heuer watches,filtered\TAG Heuer\Image_84_73e8aebd.jpg
TAG Heuer,data\images\TAG Heuer\Image_85_66661eb5.jpg,TAG Heuer watches,filtered\TAG Heuer\Image_85_66661eb5.jpg
TAG Heuer,data\images\TAG Heuer\Image_86_f0067244.jpg,TAG Heuer watches,filtered\TAG Heuer\Image_86_f0067244.jpg
TAG Heuer,data\images\TAG Heuer\Image_87_c64c96c0.jpg,TAG Heuer watches,filtered\TAG Heuer\Image_87_c64c96c0.jpg
TAG Heuer,data\images\TAG Heuer\Image_8_a5925f40.jpg,TAG Heuer watches,filtered\TAG Heuer\Image_8_a5925f40.jpg
TAG Heuer,data\images\TAG Heuer\Image_9_876ef48b.jpg,TAG Heuer watches,filtered\TAG Heuer\Image_9_876ef48b.jpg
Audemars Piguet,data\images\Audemars Piguet\Image_31_46d6958a.png,Audemars Piguet watches,filtered\Audemars Piguet\Image_31_46d6958a.png
Audemars Piguet,data\images\Audemars Piguet\Image_32_68904088.png,Audemars Piguet watches,filtered\Audemars Piguet\Image_32_68904088.png
Audemars Piguet,data\images\Audemars Piguet\Image_36_1160f0c0.png,Audemars Piguet watches,filtered\Audemars Piguet\Image_36_1160f0c0.png
Audemars Piguet,data\images\Audemars Piguet\Image_56_e8b33938.png,Audemars Piguet watches,filtered\Audemars Piguet\Image_56_e8b33938.png
Audemars Piguet,data\images\Audemars Piguet\Image_62_9b73f3a0.png,Audemars Piguet watches,filtered\Audemars Piguet\Image_62_9b73f3a0.png
Audemars Piguet,data\images\Audemars Piguet\Image_64_cb74b293.png,Audemars Piguet watches,filtered\Audemars Piguet\Image_64_cb74b293.png
Audemars Piguet,data\images\Audemars Piguet\Image_77_876be14b.png,Audemars Piguet watches,filtered\Audemars Piguet\Image_77_876be14b.png
Audemars Piguet,data\images\Audemars Piguet\Image_80_42ee57ee.png,Audemars Piguet watches,filtered\Audemars Piguet\Image_80_42ee57ee.png
Breitling,data\images\Breitling\Image_1_1dd4c700.png,Breitling watches,filtered\Breitling\Image_1_1dd4c700.png
Breitling,data\images\Breitling\Image_30_fb509f00.png,Breitling watches,filtered\Breitling\Image_30_fb509f00.png
Breitling,data\images\Breitling\Image_42_488747a8.png,Breitling watches,filtered\Breitling\Image_42_488747a8.png
Breitling,data\images\Breitling\Image_62_ae0308c6.png,Breitling watches,filtered\Breitling\Image_62_ae0308c6.png
Breitling,data\images\Breitling\Image_78_fb4b22cc.png,Breitling watches,filtered\Breitling\Image_78_fb4b22cc.png
Cartier,data\images\Cartier\Image_41_6a66b11f.png,Cartier watches,filtered\Cartier\Image_41_6a66b11f.png
Hublot,data\images\Hublot\Image_14_cec92586.png,Hublot watches,filtered\Hublot\Image_14_cec92586.png
Hublot,data\images\Hublot\Image_1_88a106de.png,Hublot watches,filtered\Hublot\Image_1_88a106de.png
Hublot,data\images\Hublot\Image_2_fe8f5c5e.png,Hublot watches,filtered\Hublot\Image_2_fe8f5c5e.png
Hublot,data\images\Hublot\Image_3_9cf0e6f8.png,Hublot watches,filtered\Hublot\Image_3_9cf0e6f8.png
Hublot,data\images\Hublot\Image_4_a9087cf4.png,Hublot watches,filtered\Hublot\Image_4_a9087cf4.png
Hublot,data\images\Hublot\Image_57_24d467bc.png,Hublot watches,filtered\Hublot\Image_57_24d467bc.png
Hublot,data\images\Hublot\Image_5_577b2bee.png,Hublot watches,filtered\Hublot\Image_5_577b2bee.png
Hublot,data\images\Hublot\Image_66_c076bd26.png,Hublot watches,filtered\Hublot\Image_66_c076bd26.png
Hublot,data\images\Hublot\Image_67_0ade0de8.png,Hublot watches,filtered\Hublot\Image_67_0ade0de8.png
Hublot,data\images\Hublot\Image_6_de740a2c.png,Hublot watches,filtered\Hublot\Image_6_de740a2c.png
Hublot,data\images\Hublot\Image_73_63426062.png,Hublot watches,filtered\Hublot\Image_73_63426062.png
Hublot,data\images\Hublot\Image_7_aff9420a.png,Hublot watches,filtered\Hublot\Image_7_aff9420a.png
Hublot,data\images\Hublot\Image_8_84ea2d39.png,Hublot watches,filtered\Hublot\Image_8_84ea2d39.png
Hublot,data\images\Hublot\Image_9_7a98a3dc.png,Hublot watches,filtered\Hublot\Image_9_7a98a3dc.png
Longines,data\images\Longines\Image_40_1d14dece.png,Longines watches,filtered\Longines\Image_40_1d14dece.png
Longines,data\images\Longines\Image_44_8fcd0bfd.png,Longines watches,filtered\Longines\Image_44_8fcd0bfd.png
Omega,data\images\Omega\Image_1_0ea651c6.png,Omega watches,filtered\Omega\Image_1_0ea651c6.png
Omega,data\images\Omega\Image_2_59b9d2df.png,Omega watches,filtered\Omega\Image_2_59b9d2df.png
Omega,data\images\Omega\Image_30_448d1f8c.png,Omega watches,filtered\Omega\Image_30_448d1f8c.png
Omega,data\images\Omega\Image_36_46cd8486.png,Omega watches,filtered\Omega\Image_36_46cd8486.png
Omega,data\images\Omega\Image_37_be437975.png,Omega watches,filtered\Omega\Image_37_be437975.png
Omega,data\images\Omega\Image_39_ccc196df.png,Omega watches,filtered\Omega\Image_39_ccc196df.png
Omega,data\images\Omega\Image_54_cab39b43.png,Omega watches,filtered\Omega\Image_54_cab39b43.png
Omega,data\images\Omega\Image_68_79e12bf0.png,Omega watches,filtered\Omega\Image_68_79e12bf0.png
Omega,data\images\Omega\Image_7_76faa9bb.png,Omega watches,filtered\Omega\Image_7_76faa9bb.png
Omega,data\images\Omega\Image_8_a58dda4a.png,Omega watches,filtered\Omega\Image_8_a58dda4a.png
Patek Philippe,data\images\Patek Philippe\Image_52_d9a07774.png,Patek Philippe watches,filtered\Patek Philippe\Image_52_d9a07774.png
Rolex,data\images\Rolex\Image_47_93152e59.png,Rolex watches,filtered\Rolex\Image_47_93152e59.png
Rolex,data\images\Rolex\Image_53_90eed2e7.png,Rolex watches,filtered\Rolex\Image_53_90eed2e7.png
Rolex,data\images\Rolex\Image_59_a3e0ec6c.png,Rolex watches,filtered\Rolex\Image_59_a3e0ec6c.png
Seiko,data\images\Seiko\Image_19_8169c29a.png,Seiko watches,filtered\Seiko\Image_19_8169c29a.png
Seiko,data\images\Seiko\Image_37_b9fe44b0.png,Seiko watches,filtered\Seiko\Image_37_b9fe44b0.png
Seiko,data\images\Seiko\Image_48_f7ddaca3.png,Seiko watches,filtered\Seiko\Image_48_f7ddaca3.png
Seiko,data\images\Seiko\Image_60_214ee945.png,Seiko watches,filtered\Seiko\Image_60_214ee945.png
Seiko,data\images\Seiko\Image_6_ef874ece.png,Seiko watches,filtered\Seiko\Image_6_ef874ece.png
Seiko,data\images\Seiko\Image_71_ced50708.png,Seiko watches,filtered\Seiko\Image_71_ced50708.png
Seiko,data\images\Seiko\Image_72_ea1cd075.png,Seiko watches,filtered\Seiko\Image_72_ea1cd075.png
Seiko,data\images\Seiko\Image_75_1a8fd3be.png,Seiko watches,filtered\Seiko\Image_75_1a8fd3be.png
Seiko,data\images\Seiko\Image_7_93caa42d.png,Seiko watches,filtered\Seiko\Image_7_93caa42d.png
Seiko,data\images\Seiko\Image_8_891c192a.png,Seiko watches,filtered\Seiko\Image_8_891c192a.png
TAG Heuer,data\images\TAG Heuer\Image_13_97536a1c.png,TAG Heuer watches,filtered\TAG Heuer\Image_13_97536a1c.png
TAG Heuer,data\images\TAG Heuer\Image_51_a99b358f.png,TAG Heuer watches,filtered\TAG Heuer\Image_51_a99b358f.png
Audemars Piguet,data\images\Audemars Piguet\Image_23_ed1bf031.webp,Audemars Piguet watches,filtered\Audemars Piguet\Image_23_ed1bf031.webp
Audemars Piguet,data\images\Audemars Piguet\Image_28_3eac6a0c.webp,Audemars Piguet watches,filtered\Audemars Piguet\Image_28_3eac6a0c.webp
Breitling,data\images\Breitling\Image_66_beb28341.webp,Breitling watches,filtered\Breitling\Image_66_beb28341.webp
Cartier,data\images\Cartier\Image_10_8b4e7381.webp,Cartier watches,filtered\Cartier\Image_10_8b4e7381.webp
Cartier,data\images\Cartier\Image_3_f646138e.webp,Cartier watches,filtered\Cartier\Image_3_f646138e.webp
Hublot,data\images\Hublot\Image_74_21b39253.webp,Hublot watches,filtered\Hublot\Image_74_21b39253.webp
Longines,data\images\Longines\Image_19_61a28e54.webp,Longines watches,filtered\Longines\Image_19_61a28e54.webp
Longines,data\images\Longines\Image_57_56064e63.webp,Longines watches,filtered\Longines\Image_57_56064e63.webp
Omega,data\images\Omega\Image_48_3a4582ff.webp,Omega watches,filtered\Omega\Image_48_3a4582ff.webp
Omega,data\images\Omega\Image_50_70707274.webp,Omega watches,filtered\Omega\Image_50_70707274.webp
Omega,data\images\Omega\Image_53_60d65994.webp,Omega watches,filtered\Omega\Image_53_60d65994.webp
Omega,data\images\Omega\Image_5_33dc3220.webp,Omega watches,filtered\Omega\Image_5_33dc3220.webp
Omega,data\images\Omega\Image_65_1218a640.webp,Omega watches,filtered\Omega\Image_65_1218a640.webp
Patek Philippe,data\images\Patek Philippe\Image_12_b0b84597.webp,Patek Philippe watches,filtered\Patek Philippe\Image_12_b0b84597.webp
Rolex,data\images\Rolex\Image_17_9cd7cb96.webp,Rolex watches,filtered\Rolex\Image_17_9cd7cb96.webp
Rolex,data\images\Rolex\Image_1_739a241d.webp,Rolex watches,filtered\Rolex\Image_1_739a241d.webp
Rolex,data\images\Rolex\Image_29_c0f6a948.webp,Rolex watches,filtered\Rolex\Image_29_c0f6a948.webp
Rolex,data\images\Rolex\Image_35_b070fb6c.webp,Rolex watches,filtered\Rolex\Image_35_b070fb6c.webp
Rolex,data\images\Rolex\Image_54_3869297e.webp,Rolex watches,filtered\Rolex\Image_54_3869297e.webp
Rolex,data\images\Rolex\Image_55_8b4d74b0.webp,Rolex watches,filtered\Rolex\Image_55_8b4d74b0.webp
Rolex,data\images\Rolex\Image_6_04d9c2e4.webp,Rolex watches,filtered\Rolex\Image_6_04d9c2e4.webp
Seiko,data\images\Seiko\Image_14_d2d22402.webp,Seiko watches,filtered\Seiko\Image_14_d2d22402.webp
Seiko,data\images\Seiko\Image_50_2ec0ea44.webp,Seiko watches,filtered\Seiko\Image_50_2ec0ea44.webp
